school_id,time,counter,motor_temp,throttle,Brake_Pedal,Battery_1,Battery_2,IMU_Accel_x,IMU_Accel_y,IMU_Accel_z,IMU_Gyro_x,IMU_Gyro_y,IMU_Gyro_z,ca_AmpHrs,ca_Voltage,ca_Current,ca_Speed,ca_Miles
,2024-04-10 12:15:04.720271,1,,,,,,,,,,,,,,,,
,2024-04-10 12:15:05.377435,2,,,,,,,,,,,,,,,,
,2024-04-10 12:15:06.034412,3,,,,,,,,,,,,,,,,
,2024-04-10 12:15:06.691450,4,,,,,,,,,,,,,,,,
,2024-04-10 12:15:07.348529,5,,,,,,,,,,,,,,,,
,2024-04-10 12:15:08.005525,6,,,,,,,,,,,,,,,,
,2024-04-10 12:15:08.662698,7,,,,,,,,,,,,,,,,
,2024-04-10 12:15:09.319553,8,,,,,,,,,,,,,,,,
,2024-04-10 12:15:09.976541,9,,,,,,,,,,,,,,,,
,2024-04-10 12:15:10.634300,10,,,,,,,,,,,,,,,,
,2024-04-10 12:15:11.290987,11,,,,,,,,,,,,,,,,
,2024-04-10 12:15:11.948557,12,,,,,,,,,,,,,,,,
hhs,2024-04-10 12:15:12.583576,13,8683.0,8673,8672,8672.0,8683.0,0.29,-0.37,9.72,0.01,-0.01,0.0,,,,,
hhs,2024-04-10 12:15:13.111382,14,8648.0,8640,8631,8634.0,8637.0,0.29,-0.35,9.77,0.01,-0.01,0.0,,,,,
hhs,2024-04-10 12:15:13.634351,15,8650.0,8653,8649,8642.0,8641.0,0.31,-0.34,9.79,0.01,-0.01,0.0,,,,,
hhs,2024-04-10 12:15:14.152507,16,8669.0,8662,8658,8652.0,8641.0,0.29,-0.36,9.78,0.01,-0.01,0.0,,,,,
hhs,2024-04-10 12:15:14.667702,17,8664.0,8655,8652,8647.0,8645.0,0.3,-0.35,9.77,0.01,-0.01,0.0,,,,,
hhs,2024-04-10 12:15:15.182636,18,8676.0,8661,8655,8661.0,8656.0,0.3,-0.36,9.79,0.01,-0.01,0.0,,,,,
hhs,2024-04-10 12:15:15.698587,19,8657.0,8667,8617,8653.0,8652.0,0.3,-0.34,9.78,0.01,-0.01,0.0,,,,,
hhs,2024-04-10 12:15:16.213798,20,8674.0,8668,8652,8659.0,8648.0,0.3,-0.35,9.77,0.01,-0.01,0.0,,,,,
hhs,2024-04-10 12:15:16.735648,21,8666.0,8673,8654,8655.0,8659.0,0.3,-0.36,9.78,0.01,-0.01,0.0,,,,,
hhs,2024-04-10 12:15:17.250788,22,8651.0,8656,8654,8649.0,8653.0,0.3,-0.36,9.77,0.01,-0.01,0.0,,,,,
hhs,2024-04-10 12:15:17.771019,23,8670.0,8657,8649,8651.0,8653.0,0.28,-0.36,9.78,0.01,-0.01,0.0,,,,,
hhs,2024-04-10 12:15:18.291115,24,8661.0,8660,8647,8654.0,8657.0,0.3,-0.37,9.76,0.01,-0.01,0.0,,,,,
hhs,2024-04-10 12:15:18.811843,25,8662.0,8651,8649,8650.0,8650.0,0.31,-0.36,9.77,0.01,-0.01,0.0,,,,,
hhs,2024-04-10 12:15:19.328155,26,8666.0,8658,8657,8654.0,8658.0,0.3,-0.36,9.75,0.01,-0.01,0.0,,,,,
hhs,2024-04-10 12:15:19.850533,27,8666.0,8659,8655,8651.0,8648.0,0.29,-0.36,9.77,0.01,-0.01,0.0,,,,,
hhs,2024-04-10 12:15:20.368631,28,8665.0,8668,8656,8649.0,8653.0,0.31,-0.36,9.78,0.01,-0.01,0.0,,,,,
hhs,2024-04-10 12:15:20.884140,29,8656.0,8656,8656,8654.0,8653.0,0.3,-0.34,9.78,0.0,-0.01,0.0,,,,,
hhs,2024-04-10 12:15:21.399195,30,8672.0,8657,8656,8656.0,8655.0,0.3,-0.36,9.77,0.01,-0.01,0.0,,,,,
hhs,2024-04-10 12:15:21.918445,31,8655.0,8652,8654,8653.0,8652.0,0.3,-0.35,9.78,0.01,-0.01,0.0,,,,,
hhs,2024-04-10 12:15:22.433376,32,8657.0,8653,8649,8653.0,8656.0,0.3,-0.36,9.77,0.01,-0.0,0.0,,,,,
hhs,2024-04-10 12:15:22.953501,33,8661.0,8658,8659,8659.0,8660.0,0.31,-0.35,9.77,0.01,-0.01,0.0,,,,,
hhs,2024-04-10 12:15:23.469312,34,8653.0,8666,8657,8658.0,8649.0,0.3,-0.36,9.76,0.01,-0.01,0.0,,,,,
hhs,2024-04-10 12:15:23.994486,35,8661.0,8668,8641,8641.0,8648.0,0.29,-0.36,9.77,0.01,-0.01,0.0,,,,,
hhs,2024-04-10 12:15:24.505278,36,8655.0,8648,8630,8645.0,8639.0,0.3,-0.37,9.79,0.01,-0.01,0.0,,,,,
hhs,2024-04-10 12:15:25.020945,37,8649.0,8642,8646,8642.0,8634.0,0.3,-0.36,9.77,0.01,-0.01,0.0,,,,,
hhs,2024-04-10 12:15:25.535294,38,8646.0,8633,8624,8629.0,8636.0,0.3,-0.35,9.78,0.01,-0.01,0.0,,,,,
hhs,2024-04-10 12:15:26.055837,39,8647.0,8652,8641,8646.0,8644.0,0.29,-0.35,9.77,0.01,-0.01,0.0,,,,,
hhs,2024-04-10 12:15:26.583250,40,8662.0,8646,8650,8649.0,8643.0,0.29,-0.36,9.76,0.01,-0.01,0.0,,,,,
hhs,2024-04-10 12:15:27.105176,41,8644.0,8661,8657,8647.0,8636.0,0.3,-0.36,9.77,0.01,-0.01,0.01,,,,,
hhs,2024-04-10 12:15:27.616210,42,8667.0,8658,8645,8658.0,8655.0,0.3,-0.34,9.76,0.01,-0.01,0.0,,,,,
hhs,2024-04-10 12:15:28.136539,43,8664.0,8657,8660,8654.0,8643.0,0.31,-0.34,9.77,0.01,-0.01,0.0,,,,,
hhs,2024-04-10 12:15:28.657264,44,8664.0,8664,8654,8653.0,8653.0,0.31,-0.36,9.79,0.01,-0.01,0.0,,,,,
hhs,2024-04-10 12:15:29.176723,45,8674.0,8655,8659,8654.0,8648.0,0.31,-0.35,9.79,0.01,-0.01,0.0,,,,,
hhs,2024-04-10 12:15:29.693053,46,8655.0,8658,8647,8657.0,8652.0,0.31,-0.35,9.79,0.0,-0.01,0.0,,,,,
hhs,2024-04-10 12:15:30.208239,47,8666.0,8654,8661,8655.0,8651.0,0.3,-0.34,9.76,0.01,-0.01,0.0,,,,,
hhs,2024-04-10 12:15:30.728579,48,8663.0,8663,8656,8652.0,8656.0,0.28,-0.36,9.76,0.01,-0.01,0.0,,,,,
hhs,2024-04-10 12:15:31.249170,49,8650.0,8660,8656,8655.0,8655.0,0.3,-0.34,9.76,0.01,-0.01,0.0,,,,,
hhs,2024-04-10 12:15:31.759599,50,8648.0,8657,8648,8641.0,8644.0,0.29,-0.34,9.79,0.01,-0.0,0.0,,,,,
hhs,2024-04-10 12:15:32.282165,51,8662.0,8654,8655,8661.0,8654.0,0.29,-0.37,9.76,0.01,-0.01,0.01,,,,,
hhs,2024-04-10 12:15:32.799539,52,8661.0,8657,8642,8655.0,8654.0,0.3,-0.36,9.78,0.01,-0.01,0.0,,,,,
hhs,2024-04-10 12:15:33.317967,53,8660.0,8654,8645,8637.0,8640.0,0.3,-0.35,9.75,0.01,-0.01,0.0,,,,,
hhs,2024-04-10 12:15:33.833911,54,8641.0,8647,8644,8645.0,8644.0,0.29,-0.37,9.75,0.01,-0.01,0.0,,,,,
hhs,2024-04-10 12:15:34.351624,55,8652.0,8649,8648,8632.0,8643.0,0.3,-0.36,9.75,0.01,-0.01,0.0,,,,,
hhs,2024-04-10 12:15:34.866284,56,8633.0,8635,8624,8621.0,8626.0,0.3,-0.36,9.77,0.01,-0.01,0.0,,,,,
hhs,2024-04-10 12:15:35.386034,57,8652.0,8648,8642,8641.0,8640.0,0.3,-0.36,9.74,0.01,-0.01,0.01,,,,,
hhs,2024-04-10 12:15:35.908604,58,8654.0,8656,8660,8660.0,8651.0,0.29,-0.35,9.79,0.01,-0.01,0.0,,,,,
hhs,2024-04-10 12:15:36.430686,59,8650.0,8665,8641,8648.0,8650.0,0.29,-0.35,9.77,0.01,-0.01,0.0,,,,,
hhs,2024-04-10 12:15:36.954614,60,8636.0,8637,8633,8627.0,8635.0,0.29,-0.36,9.79,0.01,-0.01,0.0,,,,,
hhs,2024-04-10 12:15:37.472939,61,8651.0,8642,8643,8632.0,8639.0,0.28,-0.36,9.77,0.01,-0.01,0.0,,,,,
hhs,2024-04-10 12:15:37.992632,62,8649.0,8641,8636,8643.0,8642.0,0.31,-0.35,9.78,0.01,-0.01,0.0,,,,,
hhs,2024-04-10 12:15:38.510239,63,8659.0,8663,8650,8658.0,8649.0,0.31,-0.36,9.7,0.0,-0.0,0.0,,,,,
hhs,2024-04-10 12:15:39.027543,64,8642.0,8657,8649,8647.0,8646.0,0.32,-0.34,9.75,0.01,-0.01,0.0,,,,,
hhs,2024-04-10 12:15:39.547694,65,8663.0,8661,8658,8651.0,8658.0,0.32,-0.36,9.74,0.01,-0.01,0.0,,,,,
hhs,2024-04-10 12:15:40.067146,66,8658.0,8656,8656,8654.0,8656.0,0.33,-0.33,9.76,0.01,-0.01,0.0,,,,,
hhs,2024-04-10 12:15:40.582621,67,8654.0,8653,8657,8647.0,8651.0,0.3,-0.37,9.76,0.01,-0.01,0.0,,,,,
hhs,2024-04-10 12:15:41.102565,68,8647.0,8646,8647,8638.0,8647.0,0.31,-0.35,9.77,0.01,-0.01,0.0,,,,,
hhs,2024-04-10 12:15:41.623048,69,8654.0,8646,8644,8646.0,8645.0,0.29,-0.35,9.77,0.01,-0.01,0.0,,,,,
hhs,2024-04-10 12:15:42.143219,70,8659.0,8649,8654,8649.0,8640.0,0.29,-0.36,9.77,0.01,-0.01,0.0,,,,,
hhs,2024-04-10 12:15:42.666601,71,8650.0,8648,8653,8649.0,8642.0,0.29,-0.35,9.77,0.01,-0.01,0.0,,,,,
hhs,2024-04-10 12:15:43.186680,72,8663.0,8652,8655,8656.0,8652.0,0.31,-0.36,9.77,0.01,-0.01,0.0,,,,,
hhs,2024-04-10 12:15:43.702914,73,8664.0,8657,8655,8656.0,8652.0,0.3,-0.36,9.76,0.01,-0.01,0.0,,,,,
hhs,2024-04-10 12:15:44.218477,74,8652.0,8651,8661,8657.0,8657.0,0.3,-0.35,9.77,0.01,-0.01,0.0,,,,,
hhs,2024-04-10 12:15:44.739445,75,8656.0,8659,8650,8650.0,8646.0,0.28,-0.37,9.77,0.01,-0.01,0.0,,,,,
hhs,2024-04-10 12:15:45.253926,76,8671.0,8656,8656,8654.0,8646.0,0.3,-0.36,9.77,0.01,-0.01,0.0,,,,,
hhs,2024-04-10 12:15:45.770189,77,8665.0,8660,8655,8658.0,8652.0,0.3,-0.36,9.75,0.01,-0.01,0.0,,,,,
hhs,2024-04-10 12:15:46.284898,78,8666.0,8654,8649,8652.0,8651.0,0.3,-0.35,9.75,0.01,-0.01,0.0,,,,,
hhs,2024-04-10 12:15:46.807295,79,8649.0,8655,8658,8654.0,8653.0,0.31,-0.38,9.72,0.01,-0.01,0.0,,,,,
hhs,2024-04-10 12:15:47.330044,80,8657.0,8655,8650,8647.0,8650.0,0.3,-0.38,9.77,0.01,-0.01,0.01,,,,,
hhs,2024-04-10 12:15:47.846676,81,8663.0,8652,8654,8659.0,8660.0,0.3,-0.35,9.75,0.01,-0.01,0.0,,,,,
hhs,2024-04-10 12:15:48.361913,82,8672.0,8653,8657,8650.0,8654.0,0.3,-0.36,9.77,0.01,-0.01,0.0,,,,,
hhs,2024-04-10 12:15:48.878296,83,8673.0,8658,8650,8651.0,8652.0,0.3,-0.36,9.76,0.01,-0.01,0.0,,,,,
hhs,2024-04-10 12:15:49.392082,84,8641.0,8652,8646,8645.0,8636.0,0.3,-0.34,9.78,0.01,-0.01,0.0,,,,,
hhs,2024-04-10 12:15:49.912485,85,8654.0,8657,8643,8645.0,8635.0,0.29,-0.36,9.76,0.01,-0.01,0.0,,,,,
hhs,2024-04-10 12:15:50.433567,86,8656.0,8645,8640,8641.0,8636.0,0.29,-0.36,9.77,0.01,-0.01,0.0,,,,,
hhs,2024-04-10 12:15:50.948855,87,8647.0,8647,8643,8658.0,8648.0,0.3,-0.35,9.79,0.01,-0.01,0.0,,,,,
hhs,2024-04-10 12:15:51.468793,88,8662.0,8655,8654,8654.0,8645.0,0.29,-0.35,9.78,0.01,-0.01,0.0,,,,,
hhs,2024-04-10 12:15:51.989819,89,8654.0,8659,8650,8653.0,8658.0,0.28,-0.36,9.77,0.01,-0.01,0.0,,,,,
hhs,2024-04-10 12:15:52.505229,90,8649.0,8644,8639,8641.0,8654.0,0.32,-0.34,9.78,0.01,-0.0,0.0,,,,,
hhs,2024-04-10 12:15:53.029995,91,8655.0,8656,8654,8648.0,8643.0,0.29,-0.36,9.77,0.01,-0.01,0.0,,,,,
hhs,2024-04-10 12:15:53.544324,92,8665.0,8657,8652,8652.0,8653.0,0.3,-0.38,9.75,0.01,-0.01,0.0,,,,,
hhs,2024-04-10 12:15:54.064471,93,8665.0,8650,8652,8658.0,8651.0,0.29,-0.36,9.75,0.01,-0.01,0.0,,,,,
hhs,2024-04-10 12:15:54.585732,94,8645.0,8643,8641,8656.0,8652.0,0.3,-0.36,9.76,0.01,-0.01,0.01,,,,,
hhs,2024-04-10 12:15:55.100890,95,8661.0,8653,8646,8649.0,8650.0,0.3,-0.36,9.78,0.01,-0.01,0.0,,,,,
hhs,2024-04-10 12:15:55.621602,96,8664.0,8664,8651,8653.0,8641.0,0.29,-0.37,9.76,0.01,-0.01,0.0,,,,,
hhs,2024-04-10 12:15:56.141729,97,8662.0,8658,8650,8656.0,8650.0,0.31,-0.35,9.78,0.01,-0.01,0.01,,,,,
hhs,2024-04-10 12:15:56.661640,98,8661.0,8662,8649,8647.0,8651.0,0.29,-0.36,9.77,0.01,-0.01,0.0,,,,,
hhs,2024-04-10 12:15:57.191790,99,8641.0,8608,8600,8643.0,8638.0,0.29,-0.36,9.76,0.01,-0.01,0.0,,,,,
hhs,2024-04-10 12:15:57.706103,100,8641.0,8625,8621,8625.0,8635.0,0.3,-0.35,9.77,0.01,-0.01,0.0,,,,,
hhs,2024-04-10 12:15:58.218879,101,8656.0,8647,8644,8641.0,8644.0,0.3,-0.34,9.78,0.01,-0.01,0.0,,,,,
hhs,2024-04-10 12:15:58.730998,102,8650.0,8646,8641,8645.0,8644.0,0.3,-0.36,9.77,0.01,-0.01,0.0,,,,,
hhs,2024-04-10 12:15:59.251529,103,8651.0,8653,8646,8650.0,8656.0,0.31,-0.35,9.76,0.01,-0.01,0.01,,,,,
hhs,2024-04-10 12:15:59.771806,104,8667.0,8659,8647,8657.0,8655.0,0.32,-0.35,9.76,0.01,-0.01,0.0,,,,,
hhs,2024-04-10 12:16:00.292133,105,8671.0,8647,8650,8651.0,8649.0,0.29,-0.36,9.77,0.01,-0.01,0.0,,,,,
hhs,2024-04-10 12:16:00.813680,106,8658.0,8654,8656,8651.0,8649.0,0.31,-0.36,9.78,0.01,-0.01,0.0,,,,,
hhs,2024-04-10 12:16:01.333835,107,8664.0,8658,8650,8656.0,8655.0,0.29,-0.35,9.75,0.01,-0.01,0.0,,,,,
hhs,2024-04-10 12:16:01.848846,108,8663.0,8658,8653,8655.0,8640.0,0.3,-0.35,9.78,0.01,-0.01,0.0,,,,,
hhs,2024-04-10 12:16:02.364854,109,8660.0,8660,8646,8649.0,8650.0,0.3,-0.36,9.76,0.01,-0.01,0.0,,,,,
hhs,2024-04-10 12:16:02.901141,110,8663.0,8652,8651,8652.0,8643.0,0.31,-0.34,9.83,0.01,-0.01,0.0,,,,,
hhs,2024-04-10 12:16:03.408652,111,8647.0,8643,8629,8639.0,8641.0,0.31,-0.35,9.77,0.01,-0.01,0.0,,,,,
hhs,2024-04-10 12:16:03.927847,112,8666.0,8655,8651,8647.0,8642.0,0.29,-0.36,9.77,0.01,-0.01,0.0,,,,,
hhs,2024-04-10 12:16:04.443094,113,8668.0,8649,8653,8654.0,8649.0,0.3,-0.35,9.76,0.01,-0.01,0.0,,,,,
hhs,2024-04-10 12:16:04.963776,114,8649.0,8642,8644,8647.0,8637.0,0.28,-0.35,9.77,0.01,-0.01,0.0,,,,,
hhs,2024-04-10 12:16:05.484031,115,8653.0,8647,8645,8644.0,8638.0,0.3,-0.37,9.76,0.01,-0.01,0.01,,,,,
hhs,2024-04-10 12:16:06.004465,116,8647.0,8647,8649,8645.0,8636.0,0.31,-0.36,9.76,0.01,-0.01,0.0,,,,,
hhs,2024-04-10 12:16:06.527633,117,8638.0,8646,8639,8639.0,8631.0,0.29,-0.35,9.77,0.01,-0.01,0.0,,,,,
hhs,2024-04-10 12:16:07.044225,118,8659.0,8656,8641,8653.0,8663.0,0.28,-0.36,9.76,0.01,-0.01,0.0,,,,,
hhs,2024-04-10 12:16:07.565790,119,8654.0,8642,8635,8637.0,8643.0,0.28,-0.37,9.8,0.01,-0.01,0.01,,,,,
hhs,2024-04-10 12:16:08.081176,120,8676.0,8657,8650,8652.0,8647.0,0.3,-0.37,9.75,0.01,-0.01,0.0,,,,,
hhs,2024-04-10 12:16:08.605012,121,8675.0,8650,8653,8655.0,8646.0,0.29,-0.35,9.77,0.01,-0.01,0.01,,,,,
hhs,2024-04-10 12:16:09.117918,122,8665.0,8656,8651,8647.0,8653.0,0.3,-0.35,9.75,0.01,-0.01,0.0,,,,,
hhs,2024-04-10 12:16:09.638558,123,8663.0,8656,8652,8649.0,8653.0,0.28,-0.37,9.77,0.01,-0.01,0.0,,,,,
hhs,2024-04-10 12:16:10.153784,124,8674.0,8660,8642,8654.0,8652.0,0.3,-0.36,9.75,0.01,-0.01,0.0,,,,,
hhs,2024-04-10 12:16:10.674396,125,8654.0,8652,8652,8655.0,8649.0,0.29,-0.36,9.77,0.01,-0.01,0.0,,,,,
hhs,2024-04-10 12:16:11.191591,126,8659.0,8652,8653,8649.0,8657.0,0.3,-0.36,9.75,0.01,-0.01,0.0,,,,,
hhs,2024-04-10 12:16:11.705699,127,8676.0,8662,8648,8644.0,8657.0,0.3,-0.36,9.75,0.01,-0.01,0.0,,,,,
hhs,2024-04-10 12:16:12.228909,128,8664.0,8661,8655,8622.0,8608.0,0.29,-0.37,9.76,0.01,-0.01,0.0,,,,,
hhs,2024-04-10 12:16:12.749029,129,8664.0,8659,8644,8649.0,8645.0,0.29,-0.37,9.75,0.01,-0.01,0.0,,,,,
hhs,2024-04-10 12:16:13.264530,130,8649.0,8651,8643,8644.0,8643.0,0.3,-0.37,9.76,0.01,-0.01,0.0,,,,,
hhs,2024-04-10 12:16:13.781505,131,8653.0,8649,8645,8633.0,8641.0,0.3,-0.35,9.77,0.01,-0.01,0.0,,,,,
hhs,2024-04-10 12:16:14.301752,132,8639.0,8645,8640,8643.0,8645.0,0.31,-0.36,9.76,0.01,-0.01,0.0,,,,,
hhs,2024-04-10 12:16:14.816645,133,8652.0,8647,8637,8638.0,8642.0,0.3,-0.36,9.77,0.01,-0.01,0.0,,,,,
hhs,2024-04-10 12:16:15.333511,134,8656.0,8649,8644,8651.0,8656.0,0.3,-0.35,9.77,0.01,-0.01,0.0,,,,,
hhs,2024-04-10 12:16:15.853996,135,8667.0,8653,8651,8651.0,8650.0,0.31,-0.36,9.78,0.01,-0.01,0.0,,,,,
hhs,2024-04-10 12:16:16.374316,136,8662.0,8651,8648,8642.0,8655.0,0.31,-0.36,9.75,0.01,-0.01,0.01,,,,,
hhs,2024-04-10 12:16:16.889118,137,8664.0,8647,8649,8654.0,8649.0,0.3,-0.36,9.77,0.01,-0.0,0.01,,,,,
hhs,2024-04-10 12:16:17.404499,138,8666.0,8658,8653,8654.0,8646.0,0.3,-0.36,9.76,0.01,-0.01,0.0,,,,,
hhs,2024-04-10 12:16:17.924804,139,8668.0,8652,8654,8646.0,8648.0,0.29,-0.36,9.76,0.01,-0.01,0.0,,,,,
hhs,2024-04-10 12:16:18.444806,140,8656.0,8657,8659,8646.0,8652.0,0.31,-0.34,9.76,0.01,-0.01,0.0,,,,,
hhs,2024-04-10 12:16:18.968972,141,8669.0,8653,8650,8648.0,8652.0,0.31,-0.34,9.77,0.01,-0.01,0.01,,,,,
hhs,2024-04-10 12:16:19.483932,142,8654.0,8660,8658,8651.0,8648.0,0.3,-0.36,9.78,0.01,-0.01,0.0,,,,,
hhs,2024-04-10 12:16:19.999044,143,8646.0,8647,8643,8637.0,8652.0,0.3,-0.34,9.78,0.01,-0.01,0.0,,,,,
hhs,2024-04-10 12:16:20.598886,144,8652.0,8639,8644,8644.0,8639.0,0.3,-0.37,9.75,0.01,-0.01,0.0,,,,,
hhs,2024-04-10 12:16:21.119731,145,8655.0,8650,8640,8640.0,8640.0,0.29,-0.34,9.75,0.01,-0.01,0.0,,,,,
hhs,2024-04-10 12:16:21.640210,146,8649.0,8648,8644,8631.0,8642.0,0.29,-0.36,9.77,0.01,-0.01,0.0,,,,,
hhs,2024-04-10 12:16:22.160118,147,8649.0,8646,8639,8647.0,8640.0,0.29,-0.36,9.77,0.01,-0.01,0.01,,,,,
hhs,2024-04-10 12:16:22.684777,148,8649.0,8646,8642,8639.0,8636.0,0.3,-0.36,9.77,0.01,-0.01,0.0,,,,,
hhs,2024-04-10 12:16:23.205611,149,8660.0,8662,8652,8647.0,8644.0,0.29,-0.36,9.77,0.01,-0.01,0.0,,,,,
hhs,2024-04-10 12:16:23.725395,150,8649.0,8661,8650,8657.0,8651.0,0.31,-0.35,9.76,0.01,-0.01,0.0,,,,,
hhs,2024-04-10 12:16:24.245360,151,8662.0,8655,8649,8645.0,8649.0,0.3,-0.36,9.77,0.01,-0.01,0.0,,,,,
hhs,2024-04-10 12:16:24.760468,152,8672.0,8653,8650,8653.0,8646.0,0.3,-0.36,9.77,0.01,-0.01,0.0,,,,,
hhs,2024-04-10 12:16:25.275056,153,8662.0,8652,8651,8652.0,8653.0,0.3,-0.34,9.77,0.01,-0.01,0.0,,,,,
hhs,2024-04-10 12:16:25.790391,154,8651.0,8653,8651,8654.0,8652.0,0.3,-0.36,9.77,0.01,-0.01,0.0,,,,,
hhs,2024-04-10 12:16:26.310635,155,8659.0,8658,8656,8656.0,8647.0,0.31,-0.35,9.76,0.01,-0.01,0.0,,,,,
hhs,2024-04-10 12:16:26.825887,156,8658.0,8660,8658,8645.0,8652.0,0.3,-0.35,9.78,0.01,-0.01,0.0,,,,,
hhs,2024-04-10 12:16:27.340942,157,8669.0,8617,8649,8645.0,8645.0,0.3,-0.34,9.78,0.01,-0.01,0.0,,,,,
hhs,2024-04-10 12:16:27.860832,158,8660.0,8662,8653,8653.0,8651.0,0.31,-0.35,9.76,0.01,-0.01,0.0,,,,,
hhs,2024-04-10 12:16:28.376164,159,8669.0,8654,8654,8650.0,8657.0,0.3,-0.36,9.77,0.01,-0.01,0.0,,,,,
hhs,2024-04-10 12:16:28.896060,160,8655.0,8660,8650,8656.0,8652.0,0.29,-0.36,9.77,0.01,-0.01,0.0,,,,,
hhs,2024-04-10 12:16:29.420009,161,8647.0,8652,8649,8634.0,8648.0,0.29,-0.36,9.75,0.01,-0.01,0.0,,,,,
hhs,2024-04-10 12:16:29.939644,162,8645.0,8647,8638,8646.0,8645.0,0.29,-0.36,9.77,0.01,-0.01,0.0,,,,,
hhs,2024-04-10 12:16:30.459876,163,8655.0,8656,8645,8636.0,8642.0,0.29,-0.36,9.77,0.01,-0.01,0.0,,,,,
hhs,2024-04-10 12:16:30.980620,164,8649.0,8639,8644,8642.0,8637.0,0.29,-0.36,9.78,0.01,-0.01,0.0,,,,,
hhs,2024-04-10 12:16:31.500650,165,8661.0,8655,8653,8650.0,8647.0,0.29,-0.36,9.76,0.01,-0.01,0.01,,,,,
hhs,2024-04-10 12:16:32.017289,166,8661.0,8650,8655,8657.0,8650.0,0.3,-0.36,9.77,0.01,-0.01,0.0,,,,,
hhs,2024-04-10 12:16:32.537973,167,8642.0,8650,8648,8610.0,8613.0,0.3,-0.35,9.78,0.01,-0.01,0.01,,,,,
hhs,2024-04-10 12:16:33.057752,168,8664.0,8657,8653,8651.0,8649.0,0.28,-0.36,9.77,0.01,-0.01,0.0,,,,,
hhs,2024-04-10 12:16:33.573515,169,8656.0,8656,8649,8647.0,8650.0,0.3,-0.36,9.76,0.01,-0.01,0.0,,,,,
hhs,2024-04-10 12:16:34.088678,170,8667.0,8653,8656,8655.0,8648.0,0.3,-0.33,9.77,0.01,-0.01,0.0,,,,,
hhs,2024-04-10 12:16:34.613589,171,8657.0,8656,8649,8643.0,8654.0,0.29,-0.35,9.76,0.01,-0.01,0.0,,,,,
hhs,2024-04-10 12:16:35.134362,172,8650.0,8658,8652,8654.0,8644.0,0.29,-0.35,9.77,0.01,-0.01,0.0,,,,,
hhs,2024-04-10 12:16:35.650302,173,8657.0,8657,8647,8647.0,8651.0,0.3,-0.36,9.76,0.01,-0.01,0.0,,,,,
hhs,2024-04-10 12:16:36.171866,174,8666.0,8661,8647,8655.0,8648.0,0.29,-0.34,9.77,0.01,-0.01,0.0,,,,,
hhs,2024-04-10 12:16:36.692174,175,8661.0,8656,8644,8656.0,8656.0,0.29,-0.36,9.76,0.01,-0.01,0.0,,,,,
hhs,2024-04-10 12:16:37.208327,176,8657.0,8648,8639,8634.0,8648.0,0.3,-0.36,9.78,0.01,-0.01,0.0,,,,,
hhs,2024-04-10 12:16:37.729346,177,8657.0,8650,8645,8641.0,8642.0,0.28,-0.35,9.77,0.01,-0.01,0.0,,,,,
hhs,2024-04-10 12:16:38.244445,178,8652.0,8643,8639,8641.0,8640.0,0.3,-0.36,9.78,0.01,-0.01,0.0,,,,,
hhs,2024-04-10 12:16:38.760609,179,8648.0,8642,8647,8639.0,8643.0,0.3,-0.34,9.76,0.01,-0.01,0.0,,,,,
hhs,2024-04-10 12:16:39.276021,180,8651.0,8650,8650,8650.0,8650.0,0.3,-0.36,9.77,0.01,-0.01,0.0,,,,,
hhs,2024-04-10 12:16:39.798428,181,8674.0,8659,8649,8643.0,8650.0,0.29,-0.34,9.76,0.01,-0.01,0.0,,,,,
hhs,2024-04-10 12:16:40.318983,182,8674.0,8657,8647,8651.0,8647.0,0.29,-0.36,9.77,0.01,-0.01,0.0,,,,,
hhs,2024-04-10 12:16:40.840053,183,8669.0,8652,8654,8650.0,8654.0,0.29,-0.35,9.77,0.01,-0.01,0.0,,,,,
hhs,2024-04-10 12:16:41.361628,184,8663.0,8657,8648,8645.0,8647.0,0.29,-0.34,9.78,0.01,-0.01,0.0,,,,,
hhs,2024-04-10 12:16:41.883271,185,8663.0,8652,8648,8649.0,8653.0,0.29,-0.35,9.77,0.01,-0.01,0.0,,,,,
hhs,2024-04-10 12:16:42.398815,186,8619.0,8648,8602,8640.0,8645.0,0.3,-0.36,9.77,0.01,-0.01,0.0,,,,,
hhs,2024-04-10 12:16:42.919139,187,8659.0,8650,8650,8655.0,8651.0,0.29,-0.36,9.76,0.01,-0.01,0.01,,,,,
hhs,2024-04-10 12:16:43.434177,188,8666.0,8654,8653,8651.0,8646.0,0.3,-0.35,9.76,0.01,-0.01,0.0,,,,,
hhs,2024-04-10 12:16:43.949494,189,8653.0,8652,8649,8658.0,8649.0,0.3,-0.36,9.77,0.01,-0.01,0.0,,,,,
hhs,2024-04-10 12:16:44.469484,190,8660.0,8653,8651,8652.0,8649.0,0.29,-0.36,9.77,0.01,-0.01,0.0,,,,,
hhs,2024-04-10 12:16:44.993652,191,8658.0,8652,8648,8632.0,8641.0,0.29,-0.36,9.76,0.01,-0.01,0.0,,,,,
hhs,2024-04-10 12:16:45.513900,192,8656.0,8647,8639,8644.0,8635.0,0.28,-0.37,9.75,0.01,-0.01,0.0,,,,,
hhs,2024-04-10 12:16:46.033809,193,8647.0,8639,8640,8644.0,8645.0,0.31,-0.36,9.77,0.01,-0.01,0.0,,,,,
hhs,2024-04-10 12:16:46.549117,194,8649.0,8652,8637,8641.0,8640.0,0.3,-0.37,9.78,0.01,-0.01,0.0,,,,,
hhs,2024-04-10 12:16:47.073259,195,8650.0,8652,8649,8652.0,8649.0,0.31,-0.36,9.77,0.01,-0.01,0.0,,,,,
hhs,2024-04-10 12:16:47.589698,196,8663.0,8648,8651,8640.0,8654.0,0.29,-0.37,9.76,0.01,-0.01,0.0,,,,,
hhs,2024-04-10 12:16:48.113469,197,8632.0,8625,8618,8621.0,8628.0,0.29,-0.36,9.77,0.01,-0.01,0.01,,,,,
hhs,2024-04-10 12:16:48.628867,198,8659.0,8656,8649,8655.0,8646.0,0.3,-0.35,9.75,0.01,-0.01,0.0,,,,,
hhs,2024-04-10 12:16:49.149360,199,8626.0,8633,8623,8625.0,8645.0,0.29,-0.36,9.77,0.01,-0.01,0.0,,,,,
hhs,2024-04-10 12:16:49.664209,200,8668.0,8656,8653,8653.0,8649.0,0.3,-0.36,9.78,0.01,-0.01,0.0,,,,,
hhs,2024-04-10 12:16:50.187980,201,8662.0,8656,8656,8648.0,8654.0,0.28,-0.36,9.77,0.01,-0.01,0.0,,,,,
hhs,2024-04-10 12:16:50.703364,202,8655.0,8657,8652,8648.0,8660.0,0.3,-0.35,9.76,0.01,-0.01,0.0,,,,,
hhs,2024-04-10 12:16:51.218363,203,8658.0,8663,8654,8650.0,8649.0,0.3,-0.35,9.73,0.01,-0.01,0.0,,,,,
hhs,2024-04-10 12:16:51.733370,204,8658.0,8645,8651,8652.0,8651.0,0.3,-0.36,9.75,0.01,-0.01,0.0,,,,,
hhs,2024-04-10 12:16:52.253612,205,8668.0,8650,8650,8649.0,8654.0,0.28,-0.35,9.75,0.01,-0.01,0.0,,,,,
hhs,2024-04-10 12:16:52.769364,206,8674.0,8656,8647,8643.0,8652.0,0.29,-0.35,9.75,0.0,-0.01,0.0,,,,,
hhs,2024-04-10 12:16:53.289417,207,8649.0,8650,8640,8638.0,8639.0,0.29,-0.34,9.76,0.01,-0.01,0.0,,,,,
hhs,2024-04-10 12:16:53.809449,208,8648.0,8651,8642,8639.0,8645.0,0.29,-0.36,9.75,0.01,-0.01,0.0,,,,,
hhs,2024-04-10 12:16:54.329864,209,8651.0,8643,8650,8638.0,8641.0,0.31,-0.34,9.78,0.01,-0.01,0.0,,,,,
hhs,2024-04-10 12:16:54.851574,210,8643.0,8641,8635,8631.0,8626.0,0.29,-0.36,9.74,0.01,-0.01,0.0,,,,,
hhs,2024-04-10 12:16:55.375280,211,8648.0,8646,8637,8641.0,8636.0,0.3,-0.37,9.75,0.01,-0.01,0.0,,,,,
hhs,2024-04-10 12:16:55.894406,212,8662.0,8655,8651,8657.0,8653.0,0.29,-0.36,9.77,0.01,-0.01,0.0,,,,,
hhs,2024-04-10 12:16:56.410256,213,8653.0,8641,8644,8641.0,8641.0,0.3,-0.35,9.77,0.01,-0.01,0.01,,,,,
hhs,2024-04-10 12:16:56.925499,214,8655.0,8657,8653,8653.0,8644.0,0.3,-0.35,9.76,0.01,-0.01,0.0,,,,,
hhs,2024-04-10 12:16:57.442424,215,8661.0,8659,8650,8649.0,8633.0,0.3,-0.35,9.76,0.01,-0.01,0.0,,,,,
hhs,2024-04-10 12:16:57.967740,216,8650.0,8656,8644,8654.0,8648.0,0.31,-0.35,9.77,0.01,-0.01,0.0,,,,,
hhs,2024-04-10 12:16:58.482809,217,8659.0,8659,8650,8650.0,8657.0,0.3,-0.36,9.77,0.01,-0.01,0.0,,,,,
hhs,2024-04-10 12:16:59.004624,218,8660.0,8649,8650,8649.0,8654.0,0.29,-0.36,9.76,0.01,-0.01,0.0,,,,,
hhs,2024-04-10 12:16:59.535892,219,8660.0,8653,8650,8656.0,8647.0,0.31,-0.35,9.75,0.01,-0.01,0.0,,,,,
hhs,2024-04-10 12:17:00.045459,220,8646.0,8633,8627,8628.0,8633.0,0.29,-0.37,9.77,0.01,-0.01,0.0,,,,,
hhs,2024-04-10 12:17:00.563592,221,8654.0,8651,8656,8650.0,8643.0,0.3,-0.36,9.76,0.01,-0.01,0.0,,,,,
hhs,2024-04-10 12:17:01.092715,222,8638.0,8644,8645,8643.0,8636.0,0.28,-0.38,9.74,0.01,-0.01,0.0,,,,,
hhs,2024-04-10 12:17:01.604654,223,8652.0,8632,8620,8645.0,8639.0,0.29,-0.36,9.76,0.01,-0.01,0.0,,,,,
hhs,2024-04-10 12:17:02.124936,224,8644.0,8627,8640,8637.0,8623.0,0.29,-0.35,9.75,0.01,-0.01,0.0,,,,,
hhs,2024-04-10 12:17:02.645125,225,8644.0,8643,8633,8635.0,8647.0,0.29,-0.36,9.76,0.01,-0.01,0.0,,,,,
hhs,2024-04-10 12:17:03.161368,226,8657.0,8645,8651,8653.0,8656.0,0.3,-0.36,9.75,0.01,-0.01,0.0,,,,,
hhs,2024-04-10 12:17:03.681502,227,8665.0,8653,8649,8653.0,8651.0,0.29,-0.36,9.76,0.01,-0.01,0.0,,,,,
hhs,2024-04-10 12:17:04.196790,228,8668.0,8650,8653,8655.0,8642.0,0.3,-0.35,9.77,0.01,-0.01,0.0,,,,,
hhs,2024-04-10 12:17:04.718120,229,8663.0,8650,8652,8651.0,8650.0,0.29,-0.35,9.77,0.01,-0.01,0.0,,,,,
hhs,2024-04-10 12:17:05.233614,230,8650.0,8660,8649,8645.0,8647.0,0.3,-0.37,9.77,0.01,-0.01,0.0,,,,,
hhs,2024-04-10 12:17:05.750509,231,8641.0,8664,8654,8657.0,8659.0,0.3,-0.37,9.75,0.01,-0.01,0.0,,,,,
hhs,2024-04-10 12:17:06.270347,232,8664.0,8662,8652,8649.0,8644.0,0.29,-0.36,9.77,0.01,-0.01,0.0,,,,,
hhs,2024-04-10 12:17:06.791838,233,8655.0,8652,8654,8652.0,8651.0,0.32,-0.34,9.75,0.01,-0.01,0.0,,,,,
hhs,2024-04-10 12:17:07.311805,234,8652.0,8654,8649,8655.0,8651.0,0.29,-0.35,9.75,0.01,-0.01,0.0,,,,,
hhs,2024-04-10 12:17:07.827437,235,8664.0,8652,8649,8652.0,8654.0,0.3,-0.35,9.77,0.01,-0.01,0.0,,,,,
hhs,2024-04-10 12:17:08.342531,236,8647.0,8657,8657,8650.0,8651.0,0.3,-0.36,9.78,0.01,-0.01,0.0,,,,,
hhs,2024-04-10 12:17:08.862525,237,8659.0,8657,8650,8653.0,8641.0,0.31,-0.36,9.76,0.01,-0.01,0.0,,,,,
hhs,2024-04-10 12:17:09.386408,238,8637.0,8637,8645,8634.0,8638.0,0.31,-0.35,9.75,0.01,-0.01,0.0,,,,,
hhs,2024-04-10 12:17:09.907920,239,8633.0,8640,8636,8632.0,8638.0,0.29,-0.35,9.76,0.01,-0.01,0.0,,,,,
hhs,2024-04-10 12:17:10.426445,240,8644.0,8642,8628,8634.0,8628.0,0.28,-0.36,9.77,0.01,-0.01,0.0,,,,,
hhs,2024-04-10 12:17:10.943564,241,8633.0,8644,8637,8636.0,8646.0,0.3,-0.36,9.76,0.01,-0.01,0.0,,,,,
hhs,2024-04-10 12:17:11.466572,242,8656.0,8641,8641,8646.0,8644.0,0.31,-0.36,9.75,0.01,-0.01,0.0,,,,,
hhs,2024-04-10 12:17:11.984177,243,8648.0,8650,8644,8640.0,8642.0,0.31,-0.36,9.77,0.01,-0.01,0.0,,,,,
hhs,2024-04-10 12:17:12.499853,244,8659.0,8646,8645,8645.0,8639.0,0.3,-0.38,9.77,0.01,-0.01,0.0,,,,,
hhs,2024-04-10 12:17:13.021478,245,8654.0,8645,8642,8634.0,8643.0,0.3,-0.35,9.76,0.01,-0.01,0.0,,,,,
hhs,2024-04-10 12:17:13.531836,246,8647.0,8645,8648,8640.0,8637.0,0.3,-0.34,9.79,0.01,-0.01,0.0,,,,,
hhs,2024-04-10 12:17:14.050682,247,8642.0,8644,8639,8630.0,8629.0,0.3,-0.34,9.77,0.01,-0.01,0.0,,,,,
hhs,2024-04-10 12:17:14.570058,248,8644.0,8653,8630,8634.0,8637.0,0.29,-0.35,9.77,0.01,-0.01,0.0,,,,,
hhs,2024-04-10 12:17:15.095806,249,8642.0,8641,8633,8625.0,8635.0,0.29,-0.36,9.76,0.01,-0.01,0.0,,,,,
hhs,2024-04-10 12:17:15.609721,250,8636.0,8637,8638,8629.0,8627.0,0.3,-0.35,9.77,0.01,-0.01,0.0,,,,,
hhs,2024-04-10 12:17:16.122179,251,8628.0,8628,8626,8636.0,8635.0,0.3,-0.35,9.78,0.01,-0.01,0.0,,,,,
hhs,2024-04-10 12:17:16.647498,252,8639.0,8626,8622,8620.0,8619.0,0.29,-0.35,9.77,0.01,-0.01,0.01,,,,,
hhs,2024-04-10 12:17:17.167631,253,8638.0,8627,8624,8611.0,8617.0,0.29,-0.36,9.76,0.01,-0.01,0.0,,,,,
hhs,2024-04-10 12:17:17.682969,254,8641.0,8633,8632,8627.0,8633.0,0.3,-0.34,9.77,0.01,-0.01,0.0,,,,,
hhs,2024-04-10 12:17:18.202319,255,8639.0,8648,8640,8637.0,8631.0,0.28,-0.35,9.77,0.01,-0.01,0.0,,,,,
hhs,2024-04-10 12:17:18.713884,256,8628.0,8641,8631,8629.0,8634.0,0.3,-0.35,9.77,0.01,-0.01,0.0,,,,,
hhs,2024-04-10 12:17:19.236332,257,8639.0,8634,8626,8622.0,8625.0,0.28,-0.36,9.77,0.01,-0.01,0.0,,,,,
hhs,2024-04-10 12:17:19.753374,258,8639.0,8627,8624,8622.0,8622.0,0.31,-0.35,9.78,0.01,-0.01,0.0,,,,,
hhs,2024-04-10 12:17:20.271650,259,8639.0,8640,8637,8629.0,8634.0,0.3,-0.35,9.76,0.01,-0.01,0.0,,,,,
hhs,2024-04-10 12:17:20.791124,260,8645.0,8631,8627,8627.0,8626.0,0.29,-0.35,9.77,0.01,-0.01,0.0,,,,,
hhs,2024-04-10 12:17:21.339443,261,8649.0,8643,8636,8634.0,8630.0,0.29,-0.36,9.77,0.01,-0.01,0.0,,,,,
hhs,2024-04-10 12:17:21.854170,262,8629.0,8638,8619,8620.0,8620.0,0.29,-0.37,9.76,0.01,-0.01,0.01,,,,,
hhs,2024-04-10 12:17:22.374752,263,8655.0,8652,8640,8641.0,8638.0,0.3,-0.36,9.76,0.01,-0.01,0.01,,,,,
hhs,2024-04-10 12:17:22.895503,264,8659.0,8647,8643,8642.0,8641.0,0.31,-0.34,9.78,0.01,-0.01,0.0,,,,,
hhs,2024-04-10 12:17:23.411893,265,8661.0,8659,8645,8644.0,8651.0,0.3,-0.36,9.75,0.01,-0.01,0.0,,,,,
hhs,2024-04-10 12:17:23.931984,266,8650.0,8647,8643,8638.0,8637.0,0.29,-0.36,9.78,0.01,-0.01,0.0,,,,,
hhs,2024-04-10 12:17:24.452300,267,8649.0,8659,8649,8651.0,8645.0,0.27,-0.35,9.78,0.01,-0.01,0.0,,,,,
hhs,2024-04-10 12:17:24.972263,268,8648.0,8653,8646,8648.0,8644.0,0.29,-0.35,9.76,0.01,-0.01,0.0,,,,,
hhs,2024-04-10 12:17:25.489669,269,8652.0,8647,8648,8646.0,8658.0,0.29,-0.36,9.75,0.01,-0.0,0.0,,,,,
hhs,2024-04-10 12:17:26.009687,270,8641.0,8636,8628,8633.0,8631.0,0.31,-0.35,9.74,0.01,-0.01,0.0,,,,,
hhs,2024-04-10 12:17:26.532785,271,8652.0,8658,8653,8649.0,8646.0,0.31,-0.35,9.79,0.01,-0.01,0.01,,,,,
hhs,2024-04-10 12:17:27.048439,272,8652.0,8655,8651,8645.0,8651.0,0.3,-0.36,9.77,0.01,-0.01,0.0,,,,,
hhs,2024-04-10 12:17:27.568529,273,8641.0,8652,8652,8651.0,8655.0,0.29,-0.36,9.75,0.01,-0.01,0.0,,,,,
hhs,2024-04-10 12:17:28.088431,274,8664.0,8647,8647,8647.0,8645.0,0.29,-0.35,9.75,0.01,-0.01,0.0,,,,,
hhs,2024-04-10 12:17:28.604914,275,8646.0,8642,8632,8647.0,8636.0,0.3,-0.36,9.78,0.01,-0.01,0.0,,,,,
hhs,2024-04-10 12:17:29.119910,276,8670.0,8660,8649,8651.0,8657.0,0.3,-0.36,9.78,0.01,-0.01,0.0,,,,,
hhs,2024-04-10 12:17:29.640335,277,8662.0,8653,8649,8652.0,8643.0,0.29,-0.36,9.77,0.01,-0.01,0.0,,,,,
hhs,2024-04-10 12:17:30.161495,278,8647.0,8658,8650,8646.0,8646.0,0.32,-0.35,9.77,0.01,-0.01,0.0,,,,,
hhs,2024-04-10 12:17:30.681111,279,8658.0,8656,8647,8648.0,8645.0,0.29,-0.36,9.76,0.01,-0.01,0.01,,,,,
hhs,2024-04-10 12:17:31.196595,280,8660.0,8657,8648,8659.0,8646.0,0.3,-0.34,9.77,0.01,-0.01,0.0,,,,,
hhs,2024-04-10 12:17:31.713364,281,8662.0,8660,8651,8649.0,8649.0,0.3,-0.37,9.77,0.01,-0.01,0.0,,,,,
hhs,2024-04-10 12:17:32.233772,282,8635.0,8647,8646,8642.0,8635.0,0.29,-0.36,9.78,0.01,-0.01,0.0,,,,,
,2024-04-10 12:17:32.890608,283,,,,,,,,,,,,,,,,
hhs,2024-04-10 12:17:33.512814,284,8649.0,8642,8640,8643.0,8645.0,0.31,-0.36,9.78,0.01,-0.01,0.0,,,,,
hhs,2024-04-10 12:17:34.034742,285,8646.0,8648,8634,8644.0,8631.0,0.29,-0.35,9.76,0.01,-0.01,0.0,,,,,
hhs,2024-04-10 12:17:34.555186,286,8650.0,8647,8641,8641.0,8642.0,0.29,-0.34,9.77,0.01,-0.01,0.0,,,,,
hhs,2024-04-10 12:17:35.070502,287,8657.0,8651,8651,8647.0,8646.0,0.3,-0.35,9.78,0.01,-0.01,0.0,,,,,
hhs,2024-04-10 12:17:35.590432,288,8650.0,8649,8649,8652.0,8644.0,0.31,-0.37,9.77,0.01,-0.01,0.0,,,,,
hhs,2024-04-10 12:17:36.105848,289,8658.0,8658,8651,8645.0,8642.0,0.3,-0.36,9.79,0.01,-0.01,0.0,,,,,
hhs,2024-04-10 12:17:36.626537,290,8653.0,8658,8651,8650.0,8645.0,0.29,-0.36,9.76,0.01,-0.01,0.0,,,,,
hhs,2024-04-10 12:17:37.151639,291,8660.0,8654,8652,8650.0,8649.0,0.31,-0.35,9.76,0.01,-0.01,0.0,,,,,
hhs,2024-04-10 12:17:37.667196,292,8655.0,8654,8655,8628.0,8606.0,0.3,-0.35,9.78,0.01,-0.01,0.0,,,,,
hhs,2024-04-10 12:17:38.189043,293,8662.0,8652,8651,8650.0,8647.0,0.28,-0.37,9.76,0.01,-0.01,0.0,,,,,
hhs,2024-04-10 12:17:38.704370,294,8658.0,8648,8653,8649.0,8650.0,0.3,-0.36,9.77,0.01,-0.01,0.0,,,,,
hhs,2024-04-10 12:17:39.226141,295,8659.0,8654,8643,8644.0,8649.0,0.29,-0.37,9.77,0.01,-0.01,0.0,,,,,
hhs,2024-04-10 12:17:39.741426,296,8659.0,8657,8653,8647.0,8657.0,0.29,-0.35,9.8,0.01,-0.01,0.0,,,,,
hhs,2024-04-10 12:17:40.255966,297,8663.0,8650,8649,8650.0,8643.0,0.27,-0.36,9.85,0.01,-0.0,0.0,,,,,
hhs,2024-04-10 12:17:40.775816,298,8650.0,8655,8658,8652.0,8650.0,0.29,-0.33,9.77,0.01,-0.01,0.0,,,,,
hhs,2024-04-10 12:17:41.296191,299,8653.0,8641,8639,8638.0,8639.0,0.31,-0.37,9.79,0.01,-0.01,0.0,,,,,
hhs,2024-04-10 12:17:41.817777,300,8650.0,8649,8645,8638.0,8646.0,0.29,-0.35,9.77,0.01,-0.01,0.0,,,,,
hhs,2024-04-10 12:17:42.336535,301,8640.0,8643,8639,8642.0,8641.0,0.3,-0.34,9.78,0.01,-0.01,0.0,,,,,
hhs,2024-04-10 12:17:42.856915,302,8651.0,8650,8635,8645.0,8640.0,0.29,-0.36,9.75,0.01,-0.01,0.0,,,,,
hhs,2024-04-10 12:17:43.376987,303,8656.0,8650,8651,8647.0,8648.0,0.31,-0.34,9.78,0.01,-0.01,0.01,,,,,
hhs,2024-04-10 12:17:43.892436,304,8670.0,8654,8649,8645.0,8642.0,0.3,-0.36,9.77,0.01,-0.01,0.0,,,,,
hhs,2024-04-10 12:17:44.408905,305,8673.0,8660,8648,8653.0,8658.0,0.3,-0.35,9.77,0.01,-0.01,0.0,,,,,
hhs,2024-04-10 12:17:44.923870,306,8655.0,8658,8650,8650.0,8645.0,0.3,-0.35,9.76,0.01,-0.01,0.0,,,,,
hhs,2024-04-10 12:17:45.444347,307,8663.0,8654,8642,8650.0,8648.0,0.29,-0.37,9.76,0.01,-0.01,0.0,,,,,
hhs,2024-04-10 12:17:45.959291,308,8640.0,8658,8654,8647.0,8649.0,0.3,-0.35,9.78,0.01,-0.01,0.0,,,,,
hhs,2024-04-10 12:17:46.479456,309,8657.0,8649,8658,8644.0,8653.0,0.27,-0.36,9.8,0.01,-0.01,0.01,,,,,
hhs,2024-04-10 12:17:46.995854,310,8662.0,8651,8652,8649.0,8649.0,0.3,-0.36,9.77,0.01,-0.01,0.0,,,,,
hhs,2024-04-10 12:17:47.514389,311,8651.0,8652,8658,8651.0,8655.0,0.3,-0.35,9.78,0.01,-0.01,0.0,,,,,
hhs,2024-04-10 12:17:48.034975,312,8664.0,8657,8655,8650.0,8643.0,0.28,-0.37,9.77,0.01,-0.01,0.0,,,,,
hhs,2024-04-10 12:17:48.555205,313,8647.0,8655,8651,8648.0,8642.0,0.29,-0.36,9.77,0.01,-0.01,0.0,,,,,
hhs,2024-04-10 12:17:49.070852,314,8648.0,8647,8640,8640.0,8639.0,0.3,-0.36,9.76,0.01,-0.01,0.0,,,,,
hhs,2024-04-10 12:17:49.587301,315,8657.0,8648,8643,8641.0,8636.0,0.3,-0.35,9.77,0.01,-0.01,0.0,,,,,
hhs,2024-04-10 12:17:50.107230,316,8655.0,8641,8635,8645.0,8636.0,0.29,-0.37,9.77,0.01,-0.01,0.0,,,,,
hhs,2024-04-10 12:17:50.627767,317,8654.0,8650,8640,8640.0,8640.0,0.29,-0.36,9.78,0.01,-0.01,0.0,,,,,
hhs,2024-04-10 12:17:51.142788,318,8654.0,8654,8651,8648.0,8642.0,0.3,-0.35,9.75,0.01,-0.01,0.0,,,,,
hhs,2024-04-10 12:17:51.662819,319,8655.0,8660,8651,8652.0,8642.0,0.29,-0.36,9.78,0.01,-0.01,0.0,,,,,
hhs,2024-04-10 12:17:52.185276,320,8654.0,8652,8648,8648.0,8652.0,0.29,-0.36,9.77,0.01,-0.01,0.0,,,,,
hhs,2024-04-10 12:17:52.702277,321,8620.0,8659,8650,8615.0,8624.0,0.3,-0.36,9.77,0.01,-0.01,0.0,,,,,
hhs,2024-04-10 12:17:53.217741,322,8647.0,8655,8652,8652.0,8650.0,0.3,-0.35,9.77,0.01,-0.01,0.0,,,,,
hhs,2024-04-10 12:17:53.733111,323,8653.0,8654,8658,8650.0,8649.0,0.3,-0.36,9.78,0.01,-0.01,0.0,,,,,
hhs,2024-04-10 12:17:54.248466,324,8662.0,8664,8651,8654.0,8647.0,0.3,-0.37,9.76,0.01,-0.01,0.0,,,,,
hhs,2024-04-10 12:17:54.769679,325,8651.0,8649,8648,8649.0,8656.0,0.29,-0.34,9.77,0.01,-0.01,0.0,,,,,
hhs,2024-04-10 12:17:55.289783,326,8654.0,8653,8639,8647.0,8643.0,0.28,-0.37,9.76,0.01,-0.01,0.0,,,,,
hhs,2024-04-10 12:17:55.809672,327,8665.0,8654,8647,8649.0,8646.0,0.31,-0.35,9.76,0.01,-0.01,0.0,,,,,
hhs,2024-04-10 12:17:56.330040,328,8641.0,8652,8647,8653.0,8641.0,0.31,-0.36,9.76,0.01,-0.01,0.0,,,,,
hhs,2024-04-10 12:17:56.845570,329,8661.0,8651,8642,8643.0,8649.0,0.3,-0.36,9.76,0.01,-0.01,0.0,,,,,
hhs,2024-04-10 12:17:57.365382,330,8654.0,8650,8637,8635.0,8642.0,0.3,-0.36,9.77,0.01,-0.01,0.0,,,,,
hhs,2024-04-10 12:17:57.878614,331,8662.0,8642,8631,8644.0,8642.0,0.3,-0.36,9.77,0.01,-0.01,0.0,,,,,
hhs,2024-04-10 12:17:58.398893,332,8645.0,8647,8642,8638.0,8641.0,0.28,-0.36,9.77,0.01,-0.01,0.0,,,,,
hhs,2024-04-10 12:17:58.919130,333,8642.0,8648,8641,8648.0,8641.0,0.29,-0.35,9.76,0.01,-0.01,0.0,,,,,
hhs,2024-04-10 12:17:59.439423,334,8649.0,8653,8651,8653.0,8641.0,0.29,-0.36,9.78,0.01,-0.01,0.0,,,,,
hhs,2024-04-10 12:17:59.967215,335,8659.0,8661,8647,8650.0,8640.0,0.31,-0.34,9.76,0.01,-0.01,0.0,,,,,
hhs,2024-04-10 12:18:00.476244,336,8637.0,8633,8631,8636.0,8635.0,0.3,-0.36,9.76,0.01,-0.01,0.0,,,,,
hhs,2024-04-10 12:18:00.996328,337,8662.0,8655,8645,8645.0,8641.0,0.29,-0.34,9.76,0.01,-0.01,0.0,,,,,
hhs,2024-04-10 12:18:01.511647,338,8641.0,8660,8649,8640.0,8653.0,0.3,-0.37,9.77,0.01,-0.01,0.0,,,,,
hhs,2024-04-10 12:18:02.034268,339,8653.0,8660,8649,8654.0,8645.0,0.29,-0.35,9.78,0.01,-0.01,0.0,,,,,
hhs,2024-04-10 12:18:02.553288,340,8669.0,8655,8648,8647.0,8647.0,0.3,-0.36,9.78,0.01,-0.01,0.01,,,,,
hhs,2024-04-10 12:18:03.076517,341,8663.0,8651,8644,8646.0,8661.0,0.35,-0.34,9.62,0.01,-0.01,0.0,,,,,
hhs,2024-04-10 12:18:03.596628,342,8656.0,8655,8643,8651.0,8639.0,0.31,-0.35,9.76,0.01,-0.01,0.0,,,,,
hhs,2024-04-10 12:18:04.112059,343,8639.0,8655,8654,8647.0,8646.0,0.3,-0.36,9.75,0.01,-0.01,0.0,,,,,
hhs,2024-04-10 12:18:04.631089,344,8652.0,8644,8641,8641.0,8632.0,0.3,-0.34,9.75,0.01,-0.01,0.0,,,,,
hhs,2024-04-10 12:18:05.142101,345,8652.0,8647,8640,8636.0,8645.0,0.3,-0.35,9.76,0.01,-0.01,0.0,,,,,
hhs,2024-04-10 12:18:05.662227,346,8656.0,8639,8636,8642.0,8643.0,0.29,-0.36,9.78,0.01,-0.01,0.0,,,,,
hhs,2024-04-10 12:18:06.182482,347,8644.0,8647,8634,8644.0,8641.0,0.31,-0.35,9.77,0.01,-0.01,0.01,,,,,
hhs,2024-04-10 12:18:06.702601,348,8646.0,8651,8642,8642.0,8641.0,0.29,-0.37,9.76,0.01,-0.01,0.0,,,,,
hhs,2024-04-10 12:18:07.223587,349,8670.0,8654,8647,8649.0,8649.0,0.29,-0.37,9.77,0.01,-0.01,0.01,,,,,
hhs,2024-04-10 12:18:07.745186,350,8659.0,8652,8653,8649.0,8649.0,0.28,-0.35,9.76,0.01,-0.01,0.0,,,,,
hhs,2024-04-10 12:18:08.261987,351,8660.0,8656,8652,8642.0,8652.0,0.3,-0.36,9.78,0.01,-0.01,0.0,,,,,
hhs,2024-04-10 12:18:08.781717,352,8648.0,8630,8632,8630.0,8631.0,0.3,-0.36,9.77,0.01,-0.01,0.0,,,,,
hhs,2024-04-10 12:18:09.298814,353,8651.0,8655,8649,8650.0,8642.0,0.29,-0.34,9.78,0.01,-0.01,0.01,,,,,
hhs,2024-04-10 12:18:09.821096,354,8652.0,8642,8638,8647.0,8641.0,0.3,-0.36,9.75,0.0,-0.0,0.0,,,,,
hhs,2024-04-10 12:18:10.337909,355,8640.0,8646,8631,8632.0,8641.0,0.29,-0.37,9.77,0.01,-0.01,0.0,,,,,
hhs,2024-04-10 12:18:10.855932,356,8650.0,8645,8643,8648.0,8646.0,0.31,-0.35,9.77,0.01,-0.01,0.0,,,,,
hhs,2024-04-10 12:18:11.373442,357,8649.0,8658,8651,8652.0,8644.0,0.3,-0.36,9.77,0.01,-0.01,0.0,,,,,
hhs,2024-04-10 12:18:11.894779,358,8640.0,8641,8637,8630.0,8638.0,0.29,-0.34,9.77,0.01,-0.01,0.0,,,,,
hhs,2024-04-10 12:18:12.407111,359,8645.0,8644,8640,8629.0,8629.0,0.3,-0.38,9.77,0.01,-0.01,0.0,,,,,
hhs,2024-04-10 12:18:12.929002,360,8647.0,8637,8639,8632.0,8630.0,0.29,-0.37,9.78,0.01,-0.01,0.0,,,,,
hhs,2024-04-10 12:18:13.453168,361,8635.0,8640,8631,8625.0,8634.0,0.29,-0.36,9.77,0.01,-0.01,0.0,,,,,
hhs,2024-04-10 12:18:13.973371,362,8647.0,8645,8639,8635.0,8639.0,0.31,-0.36,9.77,0.01,-0.01,0.0,,,,,
hhs,2024-04-10 12:18:14.495019,363,8645.0,8650,8639,8638.0,8635.0,0.31,-0.36,9.76,0.01,-0.01,0.01,,,,,
hhs,2024-04-10 12:18:15.015741,364,8666.0,8652,8649,8649.0,8639.0,0.31,-0.35,9.76,0.01,-0.01,0.0,,,,,
hhs,2024-04-10 12:18:15.532271,365,8665.0,8647,8647,8646.0,8645.0,0.3,-0.36,9.77,0.01,-0.01,0.0,,,,,
hhs,2024-04-10 12:18:16.053434,366,8649.0,8652,8647,8646.0,8649.0,0.29,-0.35,9.75,0.01,-0.01,0.0,,,,,
hhs,2024-04-10 12:18:16.572480,367,8654.0,8657,8651,8647.0,8647.0,0.29,-0.36,9.77,0.01,-0.01,0.0,,,,,
hhs,2024-04-10 12:18:17.093811,368,8656.0,8658,8643,8649.0,8653.0,0.31,-0.35,9.77,0.01,-0.01,0.0,,,,,
hhs,2024-04-10 12:18:17.612378,369,8665.0,8649,8646,8647.0,8649.0,0.31,-0.35,9.74,0.01,-0.01,0.0,,,,,
hhs,2024-04-10 12:18:18.133754,370,8661.0,8653,8659,8650.0,8649.0,0.31,-0.35,9.77,0.01,-0.01,0.0,,,,,
hhs,2024-04-10 12:18:18.655674,371,8659.0,8655,8649,8645.0,8645.0,0.29,-0.35,9.76,0.01,-0.01,0.0,,,,,
hhs,2024-04-10 12:18:19.170839,372,8651.0,8658,8650,8651.0,8639.0,0.3,-0.35,9.76,0.01,-0.01,0.0,,,,,
hhs,2024-04-10 12:18:19.687771,373,8661.0,8649,8650,8649.0,8650.0,0.3,-0.36,9.76,0.01,-0.01,0.0,,,,,
hhs,2024-04-10 12:18:20.207240,374,8670.0,8659,8645,8648.0,8655.0,0.29,-0.34,9.77,0.01,-0.01,0.0,,,,,
hhs,2024-04-10 12:18:20.727553,375,8654.0,8643,8651,8655.0,8649.0,0.29,-0.36,9.77,0.01,-0.01,0.0,,,,,
hhs,2024-04-10 12:18:21.242566,376,8638.0,8641,8646,8639.0,8639.0,0.3,-0.36,9.76,0.01,-0.01,0.0,,,,,
hhs,2024-04-10 12:18:21.757398,377,8654.0,8641,8640,8645.0,8639.0,0.3,-0.36,9.77,0.01,-0.01,0.0,,,,,
hhs,2024-04-10 12:18:22.277326,378,8640.0,8647,8635,8630.0,8645.0,0.28,-0.36,9.76,0.01,-0.01,0.0,,,,,
hhs,2024-04-10 12:18:22.804853,379,8631.0,8606,8611,8623.0,8624.0,0.31,-0.36,9.75,0.01,-0.01,0.01,,,,,
hhs,2024-04-10 12:18:23.318475,380,8642.0,8632,8630,8635.0,8634.0,0.29,-0.36,9.76,0.01,-0.01,0.0,,,,,
hhs,2024-04-10 12:18:23.842885,381,8641.0,8635,8647,8645.0,8636.0,0.28,-0.35,9.77,0.01,-0.01,0.0,,,,,
hhs,2024-04-10 12:18:24.362911,382,8653.0,8653,8645,8644.0,8644.0,0.29,-0.36,9.75,0.01,-0.01,0.01,,,,,
hhs,2024-04-10 12:18:24.883293,383,8651.0,8630,8634,8635.0,8630.0,0.28,-0.37,9.78,0.01,-0.01,0.0,,,,,
hhs,2024-04-10 12:18:25.403512,384,8649.0,8644,8647,8649.0,8650.0,0.31,-0.36,9.75,0.01,-0.01,0.0,,,,,
hhs,2024-04-10 12:18:25.926776,385,8641.0,8640,8632,8645.0,8629.0,0.29,-0.38,9.77,0.01,-0.01,0.01,,,,,
hhs,2024-04-10 12:18:26.444506,386,8648.0,8647,8649,8646.0,8647.0,0.29,-0.35,9.77,0.01,-0.01,0.0,,,,,
hhs,2024-04-10 12:18:26.970461,387,8644.0,8637,8631,8624.0,8630.0,0.32,-0.36,9.75,0.01,-0.01,0.0,,,,,
hhs,2024-04-10 12:18:27.484037,388,8650.0,8642,8637,8628.0,8634.0,0.3,-0.35,9.76,0.01,-0.01,0.0,,,,,
hhs,2024-04-10 12:18:27.999822,389,8647.0,8656,8649,8647.0,8644.0,0.31,-0.34,9.77,0.01,-0.01,0.0,,,,,
hhs,2024-04-10 12:18:28.523865,390,8656.0,8647,8641,8646.0,8650.0,0.26,-0.37,9.74,0.01,-0.01,0.01,,,,,
hhs,2024-04-10 12:18:29.045302,391,8637.0,8644,8634,8630.0,8622.0,0.28,-0.36,9.76,0.01,-0.01,0.0,,,,,
hhs,2024-04-10 12:18:29.564704,392,8636.0,8627,8622,8633.0,8624.0,0.3,-0.33,9.78,0.01,-0.01,0.01,,,,,
hhs,2024-04-10 12:18:30.084830,393,8631.0,8650,8628,8637.0,8632.0,0.29,-0.34,9.77,0.01,-0.01,0.0,,,,,
hhs,2024-04-10 12:18:30.604949,394,8644.0,8649,8636,8638.0,8635.0,0.31,-0.34,9.77,0.01,-0.01,0.0,,,,,
hhs,2024-04-10 12:18:31.125316,395,8655.0,8651,8654,8644.0,8645.0,0.29,-0.37,9.76,0.01,-0.01,0.0,,,,,
hhs,2024-04-10 12:18:31.646327,396,8644.0,8642,8632,8634.0,8623.0,0.28,-0.34,9.77,0.01,-0.01,0.0,,,,,
hhs,2024-04-10 12:18:32.165513,397,8655.0,8652,8648,8651.0,8646.0,0.31,-0.36,9.77,0.01,-0.01,0.01,,,,,
hhs,2024-04-10 12:18:32.689127,398,8646.0,8646,8638,8629.0,8630.0,0.31,-0.34,9.75,0.01,-0.01,0.0,,,,,
hhs,2024-04-10 12:18:33.206350,399,8656.0,8655,8653,8645.0,8644.0,0.32,-0.32,9.72,0.01,-0.01,0.0,,,,,
hhs,2024-04-10 12:18:33.726167,400,8654.0,8657,8640,8651.0,8648.0,0.29,-0.35,9.75,0.01,-0.01,0.0,,,,,
hhs,2024-04-10 12:18:34.244593,401,8659.0,8655,8641,8646.0,8656.0,0.3,-0.37,9.77,0.01,-0.01,0.0,,,,,
hhs,2024-04-10 12:18:34.764844,402,8650.0,8653,8650,8652.0,8641.0,0.31,-0.35,9.77,0.01,-0.0,0.01,,,,,
hhs,2024-04-10 12:18:35.285442,403,8646.0,8644,8639,8642.0,8625.0,0.3,-0.35,9.74,0.01,-0.01,0.0,,,,,
hhs,2024-04-10 12:18:35.808103,404,8643.0,8654,8648,8635.0,8633.0,0.3,-0.36,9.76,0.01,-0.01,0.01,,,,,
hhs,2024-04-10 12:18:36.316925,405,8643.0,8639,8629,8638.0,8633.0,0.3,-0.36,9.76,0.01,-0.01,0.0,,,,,
hhs,2024-04-10 12:18:36.835190,406,8655.0,8647,8633,8643.0,8642.0,0.29,-0.35,9.76,0.01,-0.01,0.0,,,,,
hhs,2024-04-10 12:18:37.355756,407,8647.0,8651,8635,8639.0,8637.0,0.29,-0.36,9.75,0.01,-0.01,0.0,,,,,
hhs,2024-04-10 12:18:37.870990,408,8648.0,8648,8643,8635.0,8633.0,0.3,-0.35,9.77,0.01,-0.01,0.0,,,,,
hhs,2024-04-10 12:18:38.391027,409,8644.0,8650,8640,8636.0,8641.0,0.29,-0.37,9.79,0.01,-0.01,0.0,,,,,
hhs,2024-04-10 12:18:38.911375,410,8658.0,8644,8641,8640.0,8637.0,0.32,-0.35,9.78,0.01,-0.01,0.0,,,,,
hhs,2024-04-10 12:18:39.433188,411,8664.0,8657,8638,8639.0,8640.0,0.29,-0.35,9.77,0.01,-0.01,0.0,,,,,
hhs,2024-04-10 12:18:39.953673,412,8655.0,8652,8647,8646.0,8655.0,0.31,-0.33,9.77,0.01,-0.01,0.0,,,,,
hhs,2024-04-10 12:18:40.475918,413,8653.0,8657,8646,8642.0,8635.0,0.29,-0.37,9.77,0.01,-0.01,0.0,,,,,
hhs,2024-04-10 12:18:40.994567,414,8658.0,8652,8648,8651.0,8659.0,0.27,-0.35,9.75,0.01,-0.01,0.0,,,,,
hhs,2024-04-10 12:18:41.513693,415,8659.0,8649,8653,8657.0,8645.0,0.29,-0.36,9.77,0.01,-0.01,0.01,,,,,
hhs,2024-04-10 12:18:42.034315,416,8652.0,8648,8636,8650.0,8645.0,0.29,-0.35,9.76,0.01,-0.01,0.0,,,,,
hhs,2024-04-10 12:18:42.550186,417,8661.0,8651,8643,8645.0,8638.0,0.3,-0.35,9.77,0.01,-0.01,0.0,,,,,
hhs,2024-04-10 12:18:43.065125,418,8644.0,8657,8650,8649.0,8636.0,0.3,-0.34,9.77,0.01,-0.01,0.0,,,,,
hhs,2024-04-10 12:18:43.584970,419,8659.0,8655,8648,8653.0,8639.0,0.29,-0.36,9.76,0.01,-0.01,0.0,,,,,
hhs,2024-04-10 12:18:44.112925,420,8659.0,8658,8645,8642.0,8652.0,0.31,-0.33,9.78,0.01,-0.01,0.0,,,,,
hhs,2024-04-10 12:18:44.630510,421,8656.0,8655,8635,8626.0,8638.0,0.29,-0.35,9.76,0.01,-0.01,0.0,,,,,
hhs,2024-04-10 12:18:45.147632,422,8637.0,8633,8619,8629.0,8626.0,0.3,-0.34,9.75,0.01,-0.01,0.0,,,,,
hhs,2024-04-10 12:18:45.662628,423,8643.0,8644,8638,8637.0,8636.0,0.3,-0.35,9.75,0.01,-0.01,0.0,,,,,
hhs,2024-04-10 12:18:46.187955,424,8647.0,8644,8632,8638.0,8635.0,0.29,-0.36,9.76,0.01,-0.01,0.0,,,,,
hhs,2024-04-10 12:18:46.699029,425,8655.0,8641,8641,8643.0,8626.0,0.3,-0.36,9.76,0.01,-0.01,0.0,,,,,
hhs,2024-04-10 12:18:47.215873,426,8657.0,8653,8650,8649.0,8645.0,0.3,-0.35,9.76,0.01,-0.01,0.0,,,,,
hhs,2024-04-10 12:18:47.728790,427,8659.0,8657,8644,8651.0,8648.0,0.3,-0.36,9.75,0.01,-0.01,0.0,,,,,
hhs,2024-04-10 12:18:48.249207,428,8668.0,8652,8648,8647.0,8643.0,0.29,-0.36,9.77,0.01,-0.01,0.0,,,,,
hhs,2024-04-10 12:18:48.764179,429,8656.0,8652,8647,8646.0,8651.0,0.3,-0.36,9.77,0.01,-0.01,0.0,,,,,
hhs,2024-04-10 12:18:49.284987,430,8657.0,8648,8653,8660.0,8646.0,0.29,-0.35,9.76,0.01,-0.01,0.01,,,,,
hhs,2024-04-10 12:18:49.804922,431,8653.0,8652,8645,8646.0,8647.0,0.3,-0.35,9.77,0.01,-0.01,0.0,,,,,
hhs,2024-04-10 12:18:50.325532,432,8659.0,8651,8639,8641.0,8642.0,0.29,-0.36,9.77,0.01,-0.01,0.01,,,,,
hhs,2024-04-10 12:18:50.839927,433,8658.0,8647,8642,8647.0,8642.0,0.3,-0.34,9.75,0.01,-0.01,0.0,,,,,
hhs,2024-04-10 12:18:51.360185,434,8656.0,8654,8648,8644.0,8649.0,0.29,-0.36,9.77,0.01,-0.01,0.01,,,,,
hhs,2024-04-10 12:18:51.880813,435,8654.0,8648,8648,8650.0,8642.0,0.29,-0.35,9.76,0.01,-0.01,0.0,,,,,
hhs,2024-04-10 12:18:52.395986,436,8660.0,8650,8640,8646.0,8642.0,0.3,-0.35,9.76,0.01,-0.01,0.0,,,,,
hhs,2024-04-10 12:18:52.916481,437,8658.0,8655,8646,8640.0,8637.0,0.29,-0.36,9.74,0.01,-0.01,0.0,,,,,
hhs,2024-04-10 12:18:53.431619,438,8651.0,8645,8635,8638.0,8625.0,0.3,-0.36,9.76,0.01,-0.01,0.0,,,,,
hhs,2024-04-10 12:18:53.952440,439,8652.0,8645,8636,8637.0,8645.0,0.29,-0.35,9.75,0.01,-0.01,0.0,,,,,
hhs,2024-04-10 12:18:54.467014,440,8644.0,8646,8638,8635.0,8634.0,0.3,-0.35,9.76,0.01,-0.01,0.0,,,,,
hhs,2024-04-10 12:18:54.989207,441,8671.0,8644,8637,8652.0,8649.0,0.31,-0.36,9.75,0.01,-0.01,0.0,,,,,
hhs,2024-04-10 12:18:55.509415,442,8650.0,8644,8652,8653.0,8655.0,0.28,-0.37,9.76,0.01,-0.01,0.0,,,,,
hhs,2024-04-10 12:18:56.024709,443,8659.0,8665,8653,8648.0,8636.0,0.3,-0.36,9.76,0.01,-0.01,0.0,,,,,
hhs,2024-04-10 12:18:56.544993,444,8651.0,8651,8643,8651.0,8640.0,0.29,-0.37,9.76,0.01,-0.01,0.0,,,,,
hhs,2024-04-10 12:18:57.065098,445,8649.0,8651,8655,8648.0,8643.0,0.31,-0.35,9.77,0.01,-0.01,0.0,,,,,
hhs,2024-04-10 12:18:57.582050,446,8662.0,8657,8645,8650.0,8638.0,0.3,-0.31,9.84,0.01,-0.0,0.0,,,,,
hhs,2024-04-10 12:18:58.102133,447,8619.0,8652,8634,8606.0,8651.0,0.31,-0.36,9.76,0.01,-0.01,0.0,,,,,
hhs,2024-04-10 12:18:58.622786,448,8650.0,8644,8652,8643.0,8646.0,0.29,-0.35,9.75,0.01,-0.01,0.0,,,,,
hhs,2024-04-10 12:18:59.142895,449,8658.0,8653,8644,8650.0,8652.0,0.3,-0.33,9.76,0.01,-0.01,0.01,,,,,
hhs,2024-04-10 12:18:59.664552,450,8660.0,8646,8644,8647.0,8634.0,0.31,-0.34,9.76,0.01,-0.01,0.0,,,,,
hhs,2024-04-10 12:19:00.187688,451,8641.0,8651,8645,8645.0,8646.0,0.29,-0.34,9.77,0.01,-0.01,0.0,,,,,
hhs,2024-04-10 12:19:00.706989,452,8653.0,8655,8644,8645.0,8646.0,0.29,-0.36,9.76,0.01,-0.01,0.01,,,,,
hhs,2024-04-10 12:19:01.228566,453,8642.0,8646,8639,8639.0,8641.0,0.28,-0.36,9.75,0.01,-0.01,0.01,,,,,
hhs,2024-04-10 12:19:01.743645,454,8647.0,8641,8639,8640.0,8635.0,0.3,-0.34,9.77,0.01,-0.01,0.0,,,,,
hhs,2024-04-10 12:19:02.259004,455,8659.0,8650,8646,8637.0,8638.0,0.3,-0.35,9.76,0.01,-0.01,0.0,,,,,
hhs,2024-04-10 12:19:02.773969,456,8638.0,8644,8637,8635.0,8638.0,0.3,-0.36,9.76,0.01,-0.01,0.0,,,,,
hhs,2024-04-10 12:19:03.289450,457,8655.0,8652,8650,8652.0,8643.0,0.3,-0.36,9.75,0.01,-0.01,0.0,,,,,
hhs,2024-04-10 12:19:03.810344,458,8658.0,8654,8652,8648.0,8645.0,0.29,-0.37,9.76,0.01,-0.01,0.0,,,,,
hhs,2024-04-10 12:19:04.325774,459,8653.0,8647,8649,8652.0,8652.0,0.3,-0.36,9.75,0.01,-0.01,0.0,,,,,
hhs,2024-04-10 12:19:04.841384,460,8660.0,8656,8645,8651.0,8643.0,0.3,-0.35,9.76,0.01,-0.01,0.0,,,,,
hhs,2024-04-10 12:19:05.359409,461,8646.0,8645,8647,8649.0,8640.0,0.3,-0.35,9.78,0.01,-0.01,0.0,,,,,
hhs,2024-04-10 12:19:05.874778,462,8652.0,8647,8646,8648.0,8643.0,0.3,-0.36,9.77,0.01,-0.01,0.0,,,,,
hhs,2024-04-10 12:19:06.391163,463,8664.0,8646,8646,8644.0,8646.0,0.3,-0.36,9.77,0.01,-0.01,0.0,,,,,
hhs,2024-04-10 12:19:06.906038,464,8657.0,8650,8649,8646.0,8638.0,0.3,-0.36,9.74,0.01,-0.01,0.0,,,,,
hhs,2024-04-10 12:19:07.426512,465,8658.0,8656,8643,8645.0,8650.0,0.29,-0.35,9.77,0.01,-0.01,0.01,,,,,
hhs,2024-04-10 12:19:07.941911,466,8647.0,8646,8652,8644.0,8645.0,0.3,-0.35,9.76,0.01,-0.01,0.0,,,,,
hhs,2024-04-10 12:19:08.456851,467,8659.0,8647,8644,8652.0,8648.0,0.35,-0.36,9.72,0.01,-0.0,0.0,,,,,
hhs,2024-04-10 12:19:08.978103,468,8646.0,8646,8643,8638.0,8641.0,0.31,-0.31,9.78,0.01,-0.01,0.0,,,,,
hhs,2024-04-10 12:19:09.493324,469,8649.0,8646,8640,8632.0,8640.0,0.3,-0.35,9.79,0.01,-0.01,0.0,,,,,
hhs,2024-04-10 12:19:10.013217,470,8647.0,8643,8640,8634.0,8642.0,0.3,-0.35,9.76,0.01,-0.01,0.01,,,,,
hhs,2024-04-10 12:19:10.530219,471,8643.0,8638,8645,8637.0,8642.0,0.3,-0.37,9.77,0.01,-0.01,0.0,,,,,
hhs,2024-04-10 12:19:11.050619,472,8648.0,8649,8656,8643.0,8640.0,0.29,-0.36,9.78,0.01,-0.01,0.0,,,,,
hhs,2024-04-10 12:19:11.572235,473,8651.0,8647,8647,8644.0,8648.0,0.31,-0.36,9.77,0.01,-0.01,0.0,,,,,
hhs,2024-04-10 12:19:12.087387,474,8652.0,8644,8644,8647.0,8644.0,0.3,-0.35,9.78,0.01,-0.01,0.0,,,,,
hhs,2024-04-10 12:19:12.607715,475,8656.0,8647,8646,8653.0,8649.0,0.31,-0.35,9.76,0.01,-0.01,0.0,,,,,
hhs,2024-04-10 12:19:13.128227,476,8649.0,8658,8643,8646.0,8648.0,0.29,-0.35,9.77,0.01,-0.01,0.0,,,,,
hhs,2024-04-10 12:19:13.648513,477,8654.0,8649,8645,8646.0,8649.0,0.31,-0.35,9.76,0.01,-0.01,0.0,,,,,
hhs,2024-04-10 12:19:14.170081,478,8661.0,8655,8645,8646.0,8649.0,0.29,-0.36,9.76,0.01,-0.01,0.0,,,,,
hhs,2024-04-10 12:19:14.690275,479,8664.0,8652,8650,8648.0,8645.0,0.26,-0.39,9.75,0.01,-0.01,0.0,,,,,
hhs,2024-04-10 12:19:15.207075,480,8657.0,8648,8648,8653.0,8642.0,0.3,-0.36,9.72,0.01,-0.01,0.0,,,,,
hhs,2024-04-10 12:19:15.728900,481,8650.0,8651,8652,8646.0,8654.0,0.31,-0.33,9.76,0.01,-0.01,0.0,,,,,
hhs,2024-04-10 12:19:16.249576,482,8655.0,8653,8647,8650.0,8640.0,0.28,-0.38,9.74,0.01,-0.01,0.0,,,,,
hhs,2024-04-10 12:19:16.770856,483,8653.0,8652,8649,8641.0,8644.0,0.31,-0.34,9.75,0.01,-0.01,0.0,,,,,
hhs,2024-04-10 12:19:17.291262,484,8649.0,8638,8639,8635.0,8635.0,0.28,-0.36,9.75,0.01,-0.01,0.0,,,,,
hhs,2024-04-10 12:19:17.811227,485,8645.0,8650,8635,8640.0,8646.0,0.31,-0.35,9.75,0.01,-0.01,0.0,,,,,
hhs,2024-04-10 12:19:18.332141,486,8638.0,8641,8635,8634.0,8632.0,0.28,-0.36,9.76,0.01,-0.01,0.0,,,,,
hhs,2024-04-10 12:19:18.851926,487,8638.0,8644,8644,8635.0,8645.0,0.3,-0.36,9.75,0.01,-0.01,0.01,,,,,
hhs,2024-04-10 12:19:19.375424,488,8652.0,8648,8643,8639.0,8653.0,0.33,-0.32,9.77,0.01,-0.01,0.0,,,,,
hhs,2024-04-10 12:19:19.895878,489,8659.0,8654,8641,8645.0,8643.0,0.29,-0.36,9.75,0.01,-0.01,0.0,,,,,
hhs,2024-04-10 12:19:20.411134,490,8654.0,8655,8649,8644.0,8652.0,0.31,-0.36,9.73,0.01,-0.0,0.0,,,,,
hhs,2024-04-10 12:19:20.934404,491,8645.0,8657,8650,8649.0,8644.0,0.28,-0.36,9.77,0.01,-0.01,0.0,,,,,
hhs,2024-04-10 12:19:21.450129,492,8644.0,8653,8642,8655.0,8648.0,0.31,-0.37,9.75,0.0,-0.01,0.0,,,,,
hhs,2024-04-10 12:19:21.966845,493,8650.0,8642,8639,8635.0,8634.0,0.3,-0.32,9.77,0.01,-0.01,0.0,,,,,
hhs,2024-04-10 12:19:22.482067,494,8657.0,8649,8650,8642.0,8649.0,0.3,-0.36,9.77,0.01,-0.01,0.0,,,,,
hhs,2024-04-10 12:19:23.002426,495,8657.0,8654,8656,8647.0,8638.0,0.32,-0.34,9.74,0.01,-0.01,0.01,,,,,
hhs,2024-04-10 12:19:23.518365,496,8644.0,8651,8646,8644.0,8639.0,0.3,-0.36,9.77,0.01,-0.01,0.0,,,,,
hhs,2024-04-10 12:19:24.038721,497,8651.0,8647,8640,8641.0,8639.0,0.29,-0.36,9.76,0.01,-0.01,0.0,,,,,
hhs,2024-04-10 12:19:24.560380,498,8651.0,8646,8649,8644.0,8645.0,0.29,-0.35,9.76,0.01,-0.01,0.0,,,,,
hhs,2024-04-10 12:19:25.075679,499,8651.0,8641,8635,8635.0,8633.0,0.31,-0.32,9.8,0.01,-0.01,0.0,,,,,
hhs,2024-04-10 12:19:25.596140,500,8639.0,8641,8640,8642.0,8631.0,0.31,-0.34,9.77,0.01,-0.01,0.0,,,,,
hhs,2024-04-10 12:19:26.118146,501,8635.0,8648,8634,8639.0,8637.0,0.29,-0.36,9.76,0.01,-0.01,0.01,,,,,
hhs,2024-04-10 12:19:26.633386,502,8642.0,8645,8637,8638.0,8629.0,0.3,-0.35,9.76,0.01,-0.01,0.0,,,,,
hhs,2024-04-10 12:19:27.154821,503,8662.0,8656,8647,8645.0,8650.0,0.28,-0.35,9.77,0.01,-0.01,0.0,,,,,
hhs,2024-04-10 12:19:27.675064,504,8662.0,8650,8643,8649.0,8642.0,0.29,-0.35,9.76,0.01,-0.01,0.0,,,,,
hhs,2024-04-10 12:19:28.196427,505,8663.0,8653,8646,8644.0,8648.0,0.29,-0.36,9.75,0.01,-0.01,0.0,,,,,
hhs,2024-04-10 12:19:28.710213,506,8652.0,8658,8646,8643.0,8646.0,0.3,-0.36,9.8,0.0,-0.01,0.0,,,,,
hhs,2024-04-10 12:19:29.231219,507,8650.0,8654,8653,8650.0,8639.0,0.32,-0.35,9.77,0.01,-0.01,0.0,,,,,
hhs,2024-04-10 12:19:29.752572,508,8669.0,8646,8647,8649.0,8648.0,0.31,-0.36,9.76,0.01,-0.01,0.01,,,,,
hhs,2024-04-10 12:19:30.272982,509,8660.0,8653,8642,8647.0,8640.0,0.3,-0.36,9.75,0.01,-0.01,0.01,,,,,
hhs,2024-04-10 12:19:30.788289,510,8657.0,8647,8649,8649.0,8638.0,0.3,-0.36,9.75,0.01,-0.01,0.0,,,,,
hhs,2024-04-10 12:19:31.309048,511,8643.0,8649,8650,8633.0,8649.0,0.3,-0.36,9.76,0.01,-0.01,0.0,,,,,
hhs,2024-04-10 12:19:31.829345,512,8667.0,8657,8646,8650.0,8645.0,0.31,-0.35,9.76,0.01,-0.01,0.0,,,,,
hhs,2024-04-10 12:19:32.350851,513,8655.0,8652,8652,8641.0,8646.0,0.29,-0.36,9.74,0.01,-0.01,0.0,,,,,
hhs,2024-04-10 12:19:32.874603,514,8652.0,8648,8648,8651.0,8643.0,0.3,-0.37,9.76,0.01,-0.01,0.01,,,,,
hhs,2024-04-10 12:19:33.389887,515,8653.0,8639,8640,8645.0,8633.0,0.3,-0.36,9.76,0.01,-0.01,0.0,,,,,
hhs,2024-04-10 12:19:33.905424,516,8637.0,8648,8641,8639.0,8637.0,0.3,-0.35,9.76,0.01,-0.01,0.0,,,,,
hhs,2024-04-10 12:19:34.425225,517,8652.0,8642,8635,8640.0,8631.0,0.31,-0.35,9.76,0.01,-0.01,0.0,,,,,
hhs,2024-04-10 12:19:34.941319,518,8647.0,8648,8635,8638.0,8635.0,0.3,-0.36,9.76,0.01,-0.01,0.0,,,,,
hhs,2024-04-10 12:19:35.461829,519,8645.0,8647,8642,8646.0,8639.0,0.31,-0.35,9.77,0.01,-0.01,0.0,,,,,
hhs,2024-04-10 12:19:35.977086,520,8655.0,8654,8649,8646.0,8637.0,0.3,-0.36,9.77,0.01,-0.01,0.0,,,,,
hhs,2024-04-10 12:19:36.494937,521,8651.0,8655,8654,8646.0,8648.0,0.3,-0.35,9.76,0.01,-0.01,0.0,,,,,
hhs,2024-04-10 12:19:37.015066,522,8656.0,8658,8645,8645.0,8644.0,0.32,-0.36,9.78,0.01,-0.01,0.0,,,,,
hhs,2024-04-10 12:19:37.531711,523,8653.0,8659,8649,8648.0,8642.0,0.43,-0.21,9.61,0.0,0.01,0.0,,,,,
hhs,2024-04-10 12:19:38.051919,524,8667.0,8650,8644,8654.0,8642.0,0.31,-0.36,9.77,0.01,-0.01,0.0,,,,,
hhs,2024-04-10 12:19:38.567186,525,8654.0,8650,8651,8649.0,8639.0,0.3,-0.36,9.78,0.01,-0.01,0.0,,,,,
hhs,2024-04-10 12:19:39.092933,526,8656.0,8648,8644,8639.0,8640.0,0.28,-0.37,9.76,0.01,-0.01,0.0,,,,,
hhs,2024-04-10 12:19:39.608531,527,8658.0,8649,8650,8643.0,8648.0,0.31,-0.36,9.76,0.01,-0.01,0.01,,,,,
hhs,2024-04-10 12:19:40.124301,528,8626.0,8623,8626,8619.0,8615.0,0.3,-0.36,9.77,0.01,-0.01,0.0,,,,,
hhs,2024-04-10 12:19:40.642737,529,8649.0,8650,8642,8642.0,8646.0,0.3,-0.35,9.76,0.01,-0.01,0.0,,,,,
hhs,2024-04-10 12:19:41.159205,530,8645.0,8651,8632,8640.0,8634.0,0.28,-0.37,9.76,0.01,-0.01,0.0,,,,,
hhs,2024-04-10 12:19:41.681080,531,8638.0,8647,8640,8643.0,8635.0,0.27,-0.37,9.75,0.01,-0.01,0.0,,,,,
hhs,2024-04-10 12:19:42.202362,532,8639.0,8640,8636,8634.0,8639.0,0.28,-0.36,9.77,0.01,-0.01,0.0,,,,,
hhs,2024-04-10 12:19:42.717327,533,8644.0,8642,8639,8637.0,8643.0,0.3,-0.36,9.77,0.01,-0.01,0.0,,,,,
hhs,2024-04-10 12:19:43.232353,534,8662.0,8645,8645,8644.0,8649.0,0.3,-0.36,9.77,0.01,-0.01,0.0,,,,,
hhs,2024-04-10 12:19:43.753008,535,8651.0,8651,8645,8645.0,8641.0,0.32,-0.35,9.72,0.01,-0.01,0.0,,,,,
hhs,2024-04-10 12:19:44.273267,536,8648.0,8651,8648,8644.0,8636.0,0.29,-0.35,9.79,0.01,-0.01,0.0,,,,,
hhs,2024-04-10 12:19:44.793163,537,8660.0,8659,8650,8644.0,8642.0,0.31,-0.35,9.77,0.01,-0.01,0.0,,,,,
hhs,2024-04-10 12:19:45.309574,538,8665.0,8648,8652,8646.0,8646.0,0.3,-0.33,9.78,0.01,-0.0,0.0,,,,,
hhs,2024-04-10 12:19:45.829630,539,8659.0,8653,8647,8650.0,8645.0,0.28,-0.35,9.76,0.01,-0.01,0.0,,,,,
hhs,2024-04-10 12:19:46.350077,540,8647.0,8649,8654,8649.0,8639.0,0.3,-0.36,9.75,0.01,-0.01,0.01,,,,,
hhs,2024-04-10 12:19:46.866970,541,8650.0,8654,8648,8641.0,8638.0,0.3,-0.34,9.77,0.01,-0.01,0.0,,,,,
hhs,2024-04-10 12:19:47.382554,542,8649.0,8650,8647,8646.0,8648.0,0.3,-0.35,9.76,0.01,-0.01,0.0,,,,,
hhs,2024-04-10 12:19:47.898265,543,8658.0,8660,8646,8644.0,8641.0,0.3,-0.37,9.75,0.01,-0.01,0.0,,,,,
hhs,2024-04-10 12:19:48.413699,544,8648.0,8651,8648,8652.0,8642.0,0.3,-0.36,9.77,0.01,-0.01,0.0,,,,,
hhs,2024-04-10 12:19:48.934499,545,8644.0,8652,8645,8639.0,8633.0,0.31,-0.36,9.76,0.01,-0.01,0.01,,,,,
hhs,2024-04-10 12:19:49.454735,546,8630.0,8639,8639,8633.0,8633.0,0.29,-0.35,9.77,0.0,-0.01,0.01,,,,,
hhs,2024-04-10 12:19:49.970160,547,8648.0,8645,8633,8639.0,8633.0,0.3,-0.35,9.77,0.01,-0.01,0.0,,,,,
hhs,2024-04-10 12:19:50.491363,548,8649.0,8638,8638,8631.0,8634.0,0.29,-0.36,9.76,0.01,-0.01,0.0,,,,,
hhs,2024-04-10 12:19:51.011796,549,8656.0,8654,8646,8650.0,8645.0,0.31,-0.36,9.75,0.01,-0.01,0.0,,,,,
hhs,2024-04-10 12:19:51.531995,550,8652.0,8643,8645,8650.0,8647.0,0.29,-0.36,9.77,0.01,-0.01,0.0,,,,,
hhs,2024-04-10 12:19:52.048803,551,8657.0,8652,8645,8643.0,8652.0,0.3,-0.35,9.76,0.01,-0.01,0.0,,,,,
hhs,2024-04-10 12:19:52.563700,552,8655.0,8650,8652,8640.0,8639.0,0.3,-0.35,9.77,0.01,-0.01,0.0,,,,,
hhs,2024-04-10 12:19:53.085386,553,8653.0,8652,8653,8651.0,8645.0,0.29,-0.36,9.75,0.01,-0.01,0.0,,,,,
hhs,2024-04-10 12:19:53.605469,554,8654.0,8648,8648,8647.0,8645.0,0.31,-0.35,9.75,0.01,-0.01,0.0,,,,,
hhs,2024-04-10 12:19:54.120423,555,8656.0,8648,8645,8648.0,8642.0,0.3,-0.36,9.76,0.01,-0.01,0.0,,,,,
hhs,2024-04-10 12:19:54.642069,556,8643.0,8657,8646,8640.0,8644.0,0.3,-0.34,9.76,0.01,-0.01,0.0,,,,,
hhs,2024-04-10 12:19:55.162896,557,8656.0,8650,8640,8648.0,8638.0,0.32,-0.33,9.76,0.01,-0.01,0.0,,,,,
hhs,2024-04-10 12:19:55.679054,558,8658.0,8648,8648,8640.0,8644.0,0.32,-0.31,9.78,0.0,-0.0,0.0,,,,,
hhs,2024-04-10 12:19:56.194383,559,8652.0,8647,8646,8642.0,8636.0,0.3,-0.36,9.78,0.01,-0.01,0.0,,,,,
hhs,2024-04-10 12:19:56.714968,560,8656.0,8650,8646,8649.0,8638.0,0.29,-0.36,9.77,0.01,-0.01,0.0,,,,,
hhs,2024-04-10 12:19:57.234382,561,8639.0,8647,8630,8634.0,8638.0,0.3,-0.36,9.76,0.01,-0.01,0.0,,,,,
hhs,2024-04-10 12:19:57.749143,562,8640.0,8639,8638,8637.0,8634.0,0.29,-0.33,9.8,0.01,-0.01,0.0,,,,,
hhs,2024-04-10 12:19:58.264625,563,8649.0,8646,8639,8637.0,8632.0,0.3,-0.36,9.77,0.01,-0.01,0.0,,,,,
hhs,2024-04-10 12:19:58.784379,564,8637.0,8630,8623,8630.0,8624.0,0.29,-0.34,9.76,0.01,-0.01,0.0,,,,,
hhs,2024-04-10 12:19:59.304867,565,8644.0,8654,8644,8644.0,8638.0,0.3,-0.36,9.77,0.01,-0.01,0.01,,,,,
hhs,2024-04-10 12:19:59.826655,566,8647.0,8657,8649,8651.0,8640.0,0.31,-0.34,9.76,0.01,-0.01,0.0,,,,,
hhs,2024-04-10 12:20:00.345894,567,8648.0,8650,8650,8647.0,8643.0,0.29,-0.35,9.77,0.01,-0.01,0.0,,,,,
hhs,2024-04-10 12:20:00.862651,568,8657.0,8653,8646,8645.0,8646.0,0.3,-0.36,9.76,0.01,-0.01,0.0,,,,,
hhs,2024-04-10 12:20:01.383137,569,8659.0,8653,8645,8645.0,8652.0,0.31,-0.35,9.73,0.01,-0.01,0.0,,,,,
hhs,2024-04-10 12:20:01.898188,570,8659.0,8643,8652,8641.0,8642.0,0.3,-0.35,9.74,0.01,-0.01,0.0,,,,,
hhs,2024-04-10 12:20:02.423815,571,8642.0,8651,8640,8643.0,8639.0,0.28,-0.36,9.76,0.01,-0.01,0.0,,,,,
hhs,2024-04-10 12:20:02.946133,572,8652.0,8650,8642,8644.0,8637.0,0.29,-0.34,9.77,0.01,-0.01,0.0,,,,,
hhs,2024-04-10 12:20:03.468196,573,8608.0,8652,8609,8633.0,8648.0,0.31,-0.34,9.77,0.01,-0.01,0.0,,,,,
hhs,2024-04-10 12:20:03.988350,574,8636.0,8643,8647,8647.0,8644.0,0.29,-0.36,9.77,0.01,-0.01,0.0,,,,,
hhs,2024-04-10 12:20:04.508647,575,8651.0,8649,8644,8640.0,8644.0,0.29,-0.36,9.78,0.01,-0.01,0.0,,,,,
hhs,2024-04-10 12:20:05.028852,576,8644.0,8640,8634,8620.0,8633.0,0.29,-0.35,9.77,0.01,-0.01,0.0,,,,,
hhs,2024-04-10 12:20:05.548507,577,8645.0,8640,8640,8633.0,8635.0,0.29,-0.35,9.75,0.01,-0.01,0.0,,,,,
hhs,2024-04-10 12:20:06.068625,578,8640.0,8643,8633,8633.0,8631.0,0.31,-0.35,9.77,0.01,-0.01,0.0,,,,,
hhs,2024-04-10 12:20:06.588976,579,8641.0,8641,8634,8633.0,8631.0,0.27,-0.36,9.77,0.01,-0.01,0.0,,,,,
hhs,2024-04-10 12:20:07.109053,580,8657.0,8651,8644,8643.0,8641.0,0.3,-0.34,9.75,0.01,-0.01,0.01,,,,,
hhs,2024-04-10 12:20:07.631107,581,8657.0,8653,8640,8637.0,8649.0,0.31,-0.36,9.76,0.01,-0.01,0.0,,,,,
hhs,2024-04-10 12:20:08.151628,582,8659.0,8648,8642,8638.0,8653.0,0.29,-0.35,9.74,0.01,-0.01,0.0,,,,,
hhs,2024-04-10 12:20:08.666791,583,8651.0,8653,8647,8645.0,8639.0,0.3,-0.36,9.77,0.01,-0.01,0.0,,,,,
hhs,2024-04-10 12:20:09.186997,584,8662.0,8648,8631,8641.0,8640.0,0.29,-0.35,9.77,0.01,-0.01,0.0,,,,,
hhs,2024-04-10 12:20:09.707438,585,8652.0,8657,8649,8646.0,8634.0,0.31,-0.37,9.77,0.01,-0.01,0.0,,,,,
hhs,2024-04-10 12:20:10.228745,586,8660.0,8655,8640,8643.0,8643.0,0.28,-0.37,9.76,0.01,-0.01,0.0,,,,,
hhs,2024-04-10 12:20:10.743586,587,8648.0,8650,8642,8645.0,8646.0,0.3,-0.35,9.76,0.01,-0.01,0.0,,,,,
hhs,2024-04-10 12:20:11.258658,588,8653.0,8649,8640,8647.0,8648.0,0.3,-0.35,9.75,0.01,-0.01,0.0,,,,,
hhs,2024-04-10 12:20:11.779386,589,8654.0,8652,8630,8649.0,8634.0,0.29,-0.35,9.76,0.01,-0.01,0.0,,,,,
hhs,2024-04-10 12:20:12.299540,590,8661.0,8644,8647,8648.0,8637.0,0.29,-0.34,9.76,0.01,-0.01,0.0,,,,,
hhs,2024-04-10 12:20:12.816533,591,8655.0,8651,8646,8643.0,8636.0,0.29,-0.36,9.77,0.0,-0.0,0.0,,,,,
hhs,2024-04-10 12:20:13.336445,592,8645.0,8642,8635,8636.0,8635.0,0.31,-0.33,9.76,0.01,-0.01,0.0,,,,,
hhs,2024-04-10 12:20:13.851730,593,8641.0,8639,8639,8631.0,8631.0,0.3,-0.33,9.77,0.01,-0.01,0.0,,,,,
hhs,2024-04-10 12:20:14.371609,594,8650.0,8645,8629,8630.0,8631.0,0.28,-0.36,9.75,0.01,-0.01,0.0,,,,,
hhs,2024-04-10 12:20:14.887301,595,8634.0,8639,8635,8634.0,8631.0,0.3,-0.36,9.76,0.01,-0.01,0.0,,,,,
hhs,2024-04-10 12:20:15.407175,596,8649.0,8645,8644,8645.0,8638.0,0.31,-0.34,9.76,0.01,-0.01,0.0,,,,,
hhs,2024-04-10 12:20:15.927256,597,8658.0,8650,8643,8645.0,8639.0,0.31,-0.36,9.74,0.01,-0.01,0.01,,,,,
hhs,2024-04-10 12:20:16.447691,598,8654.0,8647,8648,8646.0,8635.0,0.29,-0.35,9.74,0.01,-0.01,0.01,,,,,
hhs,2024-04-10 12:20:16.967917,599,8644.0,8648,8639,8647.0,8639.0,0.29,-0.34,9.76,0.01,-0.01,0.0,,,,,
hhs,2024-04-10 12:20:17.488140,600,8643.0,8648,8652,8644.0,8639.0,0.29,-0.35,9.77,0.01,-0.01,0.0,,,,,
hhs,2024-04-10 12:20:18.009960,601,8670.0,8648,8646,8643.0,8637.0,0.28,-0.36,9.77,0.01,-0.01,0.0,,,,,
hhs,2024-04-10 12:20:18.530463,602,8641.0,8650,8644,8606.0,8603.0,0.31,-0.35,9.74,0.01,-0.01,0.0,,,,,
hhs,2024-04-10 12:20:19.051125,603,8659.0,8650,8639,8644.0,8641.0,0.28,-0.36,9.77,0.01,-0.01,0.0,,,,,
hhs,2024-04-10 12:20:19.570470,604,8644.0,8650,8641,8638.0,8640.0,0.29,-0.35,9.76,0.01,-0.01,0.0,,,,,
hhs,2024-04-10 12:20:20.087537,605,8657.0,8652,8646,8639.0,8643.0,0.3,-0.37,9.76,0.01,-0.01,0.0,,,,,
hhs,2024-04-10 12:20:20.607375,606,8651.0,8653,8640,8645.0,8645.0,0.29,-0.36,9.75,0.01,-0.01,0.0,,,,,
hhs,2024-04-10 12:20:21.122857,607,8635.0,8634,8638,8636.0,8634.0,0.28,-0.35,9.76,0.0,-0.01,0.0,,,,,
hhs,2024-04-10 12:20:21.638180,608,8638.0,8644,8632,8637.0,8626.0,0.3,-0.36,9.75,0.01,-0.01,0.0,,,,,
hhs,2024-04-10 12:20:22.159547,609,8644.0,8643,8627,8633.0,8631.0,0.31,-0.34,9.77,0.01,-0.01,0.0,,,,,
hhs,2024-04-10 12:20:22.679899,610,8639.0,8635,8636,8629.0,8633.0,0.28,-0.36,9.76,0.01,-0.01,0.0,,,,,
hhs,2024-04-10 12:20:23.204170,611,8660.0,8649,8643,8641.0,8639.0,0.3,-0.35,9.76,0.01,-0.01,0.0,,,,,
hhs,2024-04-10 12:20:23.724425,612,8646.0,8650,8646,8644.0,8644.0,0.29,-0.35,9.78,0.01,-0.01,0.0,,,,,
hhs,2024-04-10 12:20:24.244828,613,8665.0,8649,8650,8641.0,8643.0,0.31,-0.35,9.74,0.01,-0.01,0.0,,,,,
hhs,2024-04-10 12:20:24.764850,614,8642.0,8644,8645,8632.0,8644.0,0.29,-0.35,9.76,0.01,-0.01,0.0,,,,,
hhs,2024-04-10 12:20:25.279977,615,8646.0,8650,8645,8640.0,8646.0,0.28,-0.37,9.75,0.0,-0.01,0.0,,,,,
hhs,2024-04-10 12:20:25.800553,616,8657.0,8655,8650,8643.0,8636.0,0.28,-0.36,9.77,0.01,-0.01,0.0,,,,,
hhs,2024-04-10 12:20:26.320436,617,8653.0,8654,8647,8638.0,8637.0,0.3,-0.35,9.76,0.01,-0.01,0.01,,,,,
hhs,2024-04-10 12:20:26.840434,618,8654.0,8649,8647,8648.0,8644.0,0.32,-0.33,9.76,0.01,-0.01,0.0,,,,,
hhs,2024-04-10 12:20:27.360732,619,8646.0,8651,8647,8649.0,8646.0,0.28,-0.37,9.74,0.01,-0.01,0.0,,,,,
hhs,2024-04-10 12:20:27.880492,620,8658.0,8655,8641,8641.0,8642.0,0.29,-0.34,9.77,0.01,-0.01,0.0,,,,,
hhs,2024-04-10 12:20:28.404497,621,8654.0,8648,8642,8644.0,8641.0,0.31,-0.36,9.75,0.01,-0.01,0.0,,,,,
hhs,2024-04-10 12:20:28.924573,622,8659.0,8649,8643,8644.0,8644.0,0.29,-0.36,9.77,0.01,-0.01,0.0,,,,,
hhs,2024-04-10 12:20:29.447241,623,8642.0,8651,8629,8627.0,8632.0,0.29,-0.35,9.77,0.01,-0.01,0.0,,,,,
hhs,2024-04-10 12:20:29.970777,624,8644.0,8637,8631,8636.0,8633.0,0.29,-0.36,9.77,0.01,-0.01,0.01,,,,,
hhs,2024-04-10 12:20:30.487406,625,8644.0,8639,8630,8620.0,8617.0,0.3,-0.35,9.78,0.01,-0.01,0.0,,,,,
hhs,2024-04-10 12:20:31.002477,626,8642.0,8642,8636,8635.0,8629.0,0.3,-0.37,9.77,0.01,-0.01,0.0,,,,,
hhs,2024-04-10 12:20:31.517287,627,8650.0,8645,8638,8642.0,8635.0,0.3,-0.34,9.76,0.01,-0.01,0.0,,,,,
hhs,2024-04-10 12:20:32.044262,628,8651.0,8643,8647,8632.0,8639.0,0.31,-0.36,9.78,0.01,-0.01,0.0,,,,,
hhs,2024-04-10 12:20:32.552837,629,8642.0,8650,8649,8640.0,8644.0,0.3,-0.35,9.76,0.01,-0.01,0.0,,,,,
hhs,2024-04-10 12:20:33.072973,630,8646.0,8610,8643,8640.0,8638.0,0.29,-0.35,9.77,0.01,-0.01,0.0,,,,,
hhs,2024-04-10 12:20:33.597385,631,8658.0,8652,8646,8647.0,8617.0,0.3,-0.36,9.76,0.01,-0.01,0.0,,,,,
hhs,2024-04-10 12:20:34.111488,632,8662.0,8639,8644,8641.0,8634.0,0.3,-0.35,9.75,0.01,-0.01,0.0,,,,,
hhs,2024-04-10 12:20:34.632440,633,8650.0,8655,8646,8634.0,8630.0,0.29,-0.37,9.77,0.01,-0.01,0.0,,,,,
hhs,2024-04-10 12:20:35.154581,634,8658.0,8656,8642,8637.0,8619.0,0.31,-0.35,9.74,0.01,-0.01,0.0,,,,,
hhs,2024-04-10 12:20:35.672588,635,8648.0,8643,8643,8638.0,8631.0,0.29,-0.35,9.76,0.01,-0.01,0.0,,,,,
hhs,2024-04-10 12:20:36.192770,636,8648.0,8646,8644,8642.0,8643.0,0.29,-0.36,9.76,0.01,-0.01,0.0,,,,,
hhs,2024-04-10 12:20:36.707529,637,8655.0,8644,8641,8639.0,8634.0,0.3,-0.36,9.76,0.01,-0.01,0.0,,,,,
hhs,2024-04-10 12:20:37.229150,638,8638.0,8641,8636,8635.0,8628.0,0.29,-0.35,9.76,0.01,-0.01,0.0,,,,,
hhs,2024-04-10 12:20:37.742781,639,8624.0,8647,8638,8636.0,8632.0,0.3,-0.36,9.76,0.01,-0.01,0.0,,,,,
hhs,2024-04-10 12:20:38.263230,640,8649.0,8636,8628,8629.0,8635.0,0.31,-0.35,9.77,0.01,-0.01,0.0,,,,,
hhs,2024-04-10 12:20:38.780312,641,8637.0,8640,8632,8635.0,8630.0,0.3,-0.36,9.77,0.01,-0.01,0.0,,,,,
hhs,2024-04-10 12:20:39.300090,642,8652.0,8642,8643,8636.0,8635.0,0.31,-0.35,9.77,0.01,-0.01,0.0,,,,,
hhs,2024-04-10 12:20:39.820731,643,8659.0,8650,8644,8642.0,8643.0,0.31,-0.35,9.78,0.01,-0.01,0.0,,,,,
hhs,2024-04-10 12:20:40.340696,644,8643.0,8646,8645,8626.0,8640.0,0.28,-0.35,9.76,0.01,-0.01,0.0,,,,,
hhs,2024-04-10 12:20:40.856184,645,8654.0,8655,8639,8644.0,8636.0,0.3,-0.36,9.76,0.01,-0.01,0.0,,,,,
hhs,2024-04-10 12:20:41.376591,646,8653.0,8648,8642,8645.0,8640.0,0.29,-0.38,10.09,0.01,-0.01,0.01,,,,,
hhs,2024-04-10 12:20:41.896427,647,8651.0,8640,8649,8652.0,8630.0,0.28,-0.35,9.76,0.01,-0.01,0.0,,,,,
hhs,2024-04-10 12:20:42.416859,648,8662.0,8645,8643,8642.0,8650.0,0.29,-0.37,9.75,0.01,-0.01,0.0,,,,,
hhs,2024-04-10 12:20:42.937805,649,8651.0,8645,8641,8642.0,8644.0,0.28,-0.36,9.77,0.01,-0.01,0.0,,,,,
hhs,2024-04-10 12:20:43.459612,650,8649.0,8637,8639,8628.0,8626.0,0.31,-0.35,9.76,0.01,-0.01,0.0,,,,,
hhs,2024-04-10 12:20:43.979583,651,8650.0,8651,8647,8650.0,8641.0,0.32,-0.39,9.82,0.01,-0.01,0.0,,,,,
hhs,2024-04-10 12:20:44.499842,652,8649.0,8625,8628,8637.0,8630.0,0.29,-0.36,9.78,0.01,-0.01,0.0,,,,,
hhs,2024-04-10 12:20:45.016614,653,8648.0,8640,8641,8635.0,8628.0,0.3,-0.35,9.77,0.01,-0.01,0.0,,,,,
hhs,2024-04-10 12:20:45.535784,654,8636.0,8639,8633,8628.0,8631.0,0.29,-0.34,9.75,0.01,-0.01,0.0,,,,,
hhs,2024-04-10 12:20:46.055753,655,8634.0,8639,8634,8636.0,8627.0,0.29,-0.37,9.76,0.01,-0.01,0.0,,,,,
hhs,2024-04-10 12:20:46.575805,656,8658.0,8639,8633,8627.0,8632.0,0.31,-0.34,9.77,0.01,-0.01,0.0,,,,,
hhs,2024-04-10 12:20:47.092222,657,8653.0,8645,8638,8642.0,8644.0,0.3,-0.35,9.76,0.01,-0.01,0.0,,,,,
hhs,2024-04-10 12:20:47.611213,658,8643.0,8649,8649,8644.0,8641.0,0.31,-0.36,9.76,0.01,-0.01,0.0,,,,,
hhs,2024-04-10 12:20:48.131499,659,8644.0,8651,8641,8636.0,8642.0,0.28,-0.36,9.76,0.01,-0.01,0.0,,,,,
hhs,2024-04-10 12:20:48.651266,660,8655.0,8645,8645,8640.0,8634.0,0.29,-0.35,9.77,0.01,-0.01,0.0,,,,,
hhs,2024-04-10 12:20:49.176463,661,8666.0,8648,8644,8634.0,8644.0,0.29,-0.36,9.77,0.01,-0.01,0.0,,,,,
hhs,2024-04-10 12:20:49.696482,662,8658.0,8651,8632,8642.0,8644.0,0.28,-0.36,9.76,0.01,-0.01,0.0,,,,,
hhs,2024-04-10 12:20:50.217449,663,8649.0,8649,8650,8639.0,8638.0,0.28,-0.36,9.77,0.01,-0.01,0.01,,,,,
hhs,2024-04-10 12:20:50.738284,664,8645.0,8645,8647,8625.0,8631.0,0.29,-0.37,9.77,0.01,-0.01,0.01,,,,,
hhs,2024-04-10 12:20:51.253251,665,8634.0,8652,8639,8615.0,8628.0,0.3,-0.36,9.77,0.01,-0.01,0.0,,,,,
hhs,2024-04-10 12:20:51.768505,666,8651.0,8642,8639,8637.0,8634.0,0.3,-0.35,9.76,0.01,-0.01,0.0,,,,,
hhs,2024-04-10 12:20:52.290242,667,8638.0,8641,8637,8637.0,8634.0,0.29,-0.35,9.77,0.01,-0.01,0.0,,,,,
hhs,2024-04-10 12:20:52.805241,668,8649.0,8651,8640,8641.0,8633.0,0.3,-0.36,9.78,0.01,-0.01,0.0,,,,,
hhs,2024-04-10 12:20:53.326253,669,8647.0,8638,8633,8621.0,8628.0,0.29,-0.35,9.76,0.01,-0.01,0.0,,,,,
hhs,2024-04-10 12:20:53.843750,670,8626.0,8622,8610,8617.0,8601.0,0.3,-0.36,9.75,0.01,-0.01,0.0,,,,,
hhs,2024-04-10 12:20:54.364004,671,8628.0,8628,8623,8621.0,8625.0,0.3,-0.36,9.75,0.01,-0.01,0.0,,,,,
hhs,2024-04-10 12:20:54.879516,672,8637.0,8636,8613,8624.0,8616.0,0.31,-0.37,9.75,0.01,-0.01,0.0,,,,,
hhs,2024-04-10 12:20:55.399859,673,8644.0,8648,8638,8646.0,8641.0,0.29,-0.35,9.78,0.01,-0.01,0.01,,,,,
hhs,2024-04-10 12:20:55.920386,674,8656.0,8645,8647,8634.0,8639.0,0.29,-0.37,9.75,0.01,-0.01,0.0,,,,,
hhs,2024-04-10 12:20:56.440599,675,8651.0,8648,8645,8639.0,8639.0,0.29,-0.35,9.77,0.01,-0.01,0.0,,,,,
hhs,2024-04-10 12:20:56.960620,676,8657.0,8652,8642,8638.0,8639.0,0.3,-0.36,9.75,0.01,-0.01,0.01,,,,,
hhs,2024-04-10 12:20:57.480489,677,8650.0,8650,8635,8647.0,8644.0,0.28,-0.38,9.75,0.01,-0.01,0.0,,,,,
hhs,2024-04-10 12:20:58.000373,678,8649.0,8652,8649,8642.0,8640.0,0.29,-0.36,9.75,0.01,-0.01,0.0,,,,,
hhs,2024-04-10 12:20:58.521222,679,8642.0,8650,8642,8642.0,8638.0,0.29,-0.35,9.78,0.01,-0.01,0.0,,,,,
hhs,2024-04-10 12:20:59.037427,680,8654.0,8649,8643,8643.0,8641.0,0.3,-0.36,9.76,0.01,-0.01,0.0,,,,,
hhs,2024-04-10 12:20:59.562612,681,8650.0,8640,8630,8628.0,8640.0,0.3,-0.35,9.75,0.01,-0.01,0.01,,,,,
hhs,2024-04-10 12:21:00.080650,682,8641.0,8620,8616,8632.0,8619.0,0.28,-0.36,9.77,0.01,-0.01,0.0,,,,,
hhs,2024-04-10 12:21:00.600076,683,8641.0,8653,8634,8646.0,8634.0,0.29,-0.35,9.77,0.01,-0.01,0.0,,,,,
hhs,2024-04-10 12:21:01.120248,684,8641.0,8639,8636,8641.0,8625.0,0.28,-0.37,9.82,0.01,-0.01,0.01,,,,,
hhs,2024-04-10 12:21:01.644007,685,8638.0,8625,8623,8616.0,8617.0,0.29,-0.35,9.75,0.01,-0.01,0.0,,,,,
hhs,2024-04-10 12:21:02.155234,686,8644.0,8638,8629,8636.0,8626.0,0.3,-0.36,9.77,0.01,-0.01,0.0,,,,,
hhs,2024-04-10 12:21:02.670318,687,8640.0,8640,8621,8631.0,8631.0,0.3,-0.36,9.75,0.01,-0.01,0.0,,,,,
hhs,2024-04-10 12:21:03.185513,688,8648.0,8645,8647,8646.0,8635.0,0.3,-0.34,9.78,0.01,-0.01,0.0,,,,,
hhs,2024-04-10 12:21:03.706883,689,8648.0,8645,8650,8645.0,8629.0,0.29,-0.36,9.76,0.01,-0.01,0.01,,,,,
hhs,2024-04-10 12:21:04.223462,690,8653.0,8650,8644,8641.0,8641.0,0.3,-0.34,9.77,0.01,-0.01,0.0,,,,,
hhs,2024-04-10 12:21:04.744423,691,8655.0,8651,8644,8644.0,8644.0,0.29,-0.36,9.76,0.01,-0.01,0.0,,,,,
hhs,2024-04-10 12:21:05.263681,692,8652.0,8654,8634,8644.0,8642.0,0.3,-0.36,9.77,0.01,-0.01,0.0,,,,,
hhs,2024-04-10 12:21:05.778622,693,8643.0,8647,8648,8648.0,8640.0,0.3,-0.34,9.76,0.01,-0.01,0.0,,,,,
hhs,2024-04-10 12:21:06.294181,694,8646.0,8643,8641,8641.0,8630.0,0.3,-0.34,9.77,0.01,-0.01,0.0,,,,,
hhs,2024-04-10 12:21:06.814536,695,8654.0,8644,8642,8641.0,8644.0,0.29,-0.34,9.76,0.01,-0.01,0.0,,,,,
hhs,2024-04-10 12:21:07.334468,696,8643.0,8650,8644,8636.0,8639.0,0.29,-0.36,9.75,0.01,-0.01,0.0,,,,,
hhs,2024-04-10 12:21:07.849814,697,8651.0,8649,8630,8641.0,8643.0,0.3,-0.36,9.76,0.01,-0.01,0.0,,,,,
hhs,2024-04-10 12:21:08.370226,698,8639.0,8640,8631,8635.0,8642.0,0.31,-0.33,9.75,0.01,-0.01,0.0,,,,,
hhs,2024-04-10 12:21:08.892360,699,8650.0,8652,8635,8639.0,8623.0,0.31,-0.35,9.76,0.01,-0.01,0.0,,,,,
hhs,2024-04-10 12:21:09.412599,700,8649.0,8631,8633,8630.0,8629.0,0.29,-0.37,9.74,0.01,-0.01,0.01,,,,,
hhs,2024-04-10 12:21:09.930697,701,8647.0,8644,8636,8629.0,8629.0,0.3,-0.35,9.78,0.0,-0.01,0.01,,,,,
hhs,2024-04-10 12:21:10.450671,702,8647.0,8644,8622,8632.0,8633.0,0.31,-0.37,9.75,0.01,-0.01,0.01,,,,,
hhs,2024-04-10 12:21:10.971062,703,8651.0,8637,8637,8645.0,8637.0,0.29,-0.36,9.78,0.01,-0.01,0.0,,,,,
hhs,2024-04-10 12:21:11.487196,704,8652.0,8641,8642,8649.0,8634.0,0.3,-0.35,9.76,0.01,-0.01,0.0,,,,,
hhs,2024-04-10 12:21:12.007552,705,8649.0,8648,8638,8640.0,8639.0,0.3,-0.36,9.75,0.01,-0.01,0.01,,,,,
hhs,2024-04-10 12:21:12.527770,706,8650.0,8649,8643,8641.0,8629.0,0.29,-0.37,9.75,0.01,-0.01,0.0,,,,,
hhs,2024-04-10 12:21:13.042976,707,8652.0,8651,8636,8646.0,8642.0,0.3,-0.36,9.76,0.01,-0.01,0.0,,,,,
hhs,2024-04-10 12:21:13.563229,708,8646.0,8647,8638,8644.0,8640.0,0.3,-0.35,9.76,0.01,-0.01,0.01,,,,,
hhs,2024-04-10 12:21:14.083889,709,8655.0,8647,8644,8627.0,8639.0,0.29,-0.35,9.78,0.01,-0.01,0.01,,,,,
hhs,2024-04-10 12:21:14.598848,710,8655.0,8645,8647,8640.0,8634.0,0.3,-0.37,9.77,0.01,-0.01,0.0,,,,,
hhs,2024-04-10 12:21:15.116824,711,8662.0,8650,8648,8646.0,8641.0,0.3,-0.35,9.79,0.01,-0.01,0.0,,,,,
hhs,2024-04-10 12:21:15.637042,712,8651.0,8646,8632,8636.0,8639.0,0.31,-0.34,9.77,0.01,-0.01,0.01,,,,,
hhs,2024-04-10 12:21:16.152712,713,8646.0,8647,8636,8635.0,8636.0,0.3,-0.35,9.76,0.01,-0.01,0.0,,,,,
hhs,2024-04-10 12:21:16.673635,714,8658.0,8640,8645,8644.0,8632.0,0.29,-0.36,9.76,0.01,-0.01,0.0,,,,,
hhs,2024-04-10 12:21:17.193936,715,8652.0,8644,8633,8633.0,8631.0,0.31,-0.35,9.75,0.01,-0.01,0.0,,,,,
hhs,2024-04-10 12:21:17.714145,716,8631.0,8638,8628,8632.0,8629.0,0.29,-0.35,9.76,0.01,-0.01,0.0,,,,,
hhs,2024-04-10 12:21:18.230552,717,8642.0,8638,8623,8633.0,8624.0,0.3,-0.36,9.76,0.01,-0.01,0.0,,,,,
hhs,2024-04-10 12:21:18.749593,718,8644.0,8643,8635,8631.0,8626.0,0.31,-0.36,9.76,0.01,-0.01,0.0,,,,,
hhs,2024-04-10 12:21:19.268119,719,8657.0,8639,8641,8633.0,8637.0,0.3,-0.34,9.77,0.01,-0.01,0.0,,,,,
hhs,2024-04-10 12:21:19.788613,720,8654.0,8642,8647,8639.0,8635.0,0.29,-0.36,9.75,0.01,-0.01,0.0,,,,,
hhs,2024-04-10 12:21:20.306914,721,8643.0,8640,8640,8638.0,8645.0,0.3,-0.37,9.76,0.01,-0.01,0.0,,,,,
hhs,2024-04-10 12:21:20.826760,722,8649.0,8644,8634,8642.0,8635.0,0.29,-0.35,9.76,0.01,-0.01,0.0,,,,,
hhs,2024-04-10 12:21:21.342289,723,8640.0,8647,8645,8636.0,8637.0,0.3,-0.36,9.76,0.01,-0.01,0.0,,,,,
hhs,2024-04-10 12:21:21.862661,724,8644.0,8644,8638,8639.0,8635.0,0.29,-0.35,9.77,0.01,-0.01,0.0,,,,,
hhs,2024-04-10 12:21:22.383592,725,8647.0,8650,8646,8641.0,8638.0,0.29,-0.36,9.76,0.01,-0.01,0.01,,,,,
hhs,2024-04-10 12:21:22.902735,726,8646.0,8646,8641,8639.0,8637.0,0.29,-0.37,9.75,0.01,-0.01,0.0,,,,,
hhs,2024-04-10 12:21:23.419178,727,8660.0,8635,8628,8642.0,8635.0,0.3,-0.36,9.76,0.01,-0.01,0.0,,,,,
hhs,2024-04-10 12:21:23.939884,728,8651.0,8646,8639,8636.0,8632.0,0.31,-0.36,9.77,0.01,-0.01,0.0,,,,,
hhs,2024-04-10 12:21:24.461444,729,8640.0,8646,8641,8641.0,8632.0,0.29,-0.36,9.76,0.01,-0.01,0.0,,,,,
hhs,2024-04-10 12:21:24.977269,730,8638.0,8639,8637,8631.0,8629.0,0.3,-0.37,9.75,0.01,-0.01,0.0,,,,,
hhs,2024-04-10 12:21:25.500887,731,8636.0,8636,8635,8634.0,8628.0,0.31,-0.37,9.77,0.01,-0.01,0.0,,,,,
hhs,2024-04-10 12:21:26.016682,732,8634.0,8635,8628,8629.0,8630.0,0.3,-0.36,9.75,0.01,-0.01,0.0,,,,,
hhs,2024-04-10 12:21:26.531754,733,8642.0,8639,8628,8637.0,8626.0,0.3,-0.34,9.74,0.01,-0.01,0.0,,,,,
hhs,2024-04-10 12:21:27.051465,734,8652.0,8641,8640,8640.0,8636.0,0.31,-0.37,9.75,0.01,-0.01,0.0,,,,,
hhs,2024-04-10 12:21:27.571751,735,8653.0,8645,8642,8639.0,8640.0,0.29,-0.36,9.76,0.01,-0.01,0.0,,,,,
hhs,2024-04-10 12:21:28.091678,736,8647.0,8652,8641,8637.0,8637.0,0.29,-0.35,9.75,0.01,-0.01,0.0,,,,,
hhs,2024-04-10 12:21:28.613102,737,8650.0,8647,8643,8647.0,8637.0,0.29,-0.35,9.77,0.01,-0.01,0.0,,,,,
hhs,2024-04-10 12:21:29.128709,738,8661.0,8661,8642,8634.0,8634.0,0.3,-0.35,9.75,0.01,-0.01,0.0,,,,,
hhs,2024-04-10 12:21:29.649236,739,8655.0,8652,8643,8645.0,8635.0,0.29,-0.36,9.75,0.01,-0.01,0.01,,,,,
hhs,2024-04-10 12:21:30.169488,740,8650.0,8644,8640,8638.0,8633.0,0.29,-0.36,9.75,0.01,-0.01,0.0,,,,,
hhs,2024-04-10 12:21:30.692770,741,8656.0,8640,8642,8643.0,8644.0,0.28,-0.36,9.76,0.01,-0.01,0.01,,,,,
hhs,2024-04-10 12:21:31.213350,742,8645.0,8647,8642,8642.0,8638.0,0.31,-0.35,9.75,0.01,-0.01,0.0,,,,,
hhs,2024-04-10 12:21:31.733144,743,8650.0,8651,8638,8636.0,8633.0,0.29,-0.35,9.76,0.01,-0.01,0.0,,,,,
hhs,2024-04-10 12:21:32.253989,744,8642.0,8634,8635,8635.0,8632.0,0.28,-0.34,9.77,0.01,-0.01,0.0,,,,,
hhs,2024-04-10 12:21:32.774218,745,8649.0,8636,8634,8634.0,8631.0,0.29,-0.35,9.76,0.01,-0.01,0.0,,,,,
hhs,2024-04-10 12:21:33.294508,746,8636.0,8634,8630,8635.0,8632.0,0.29,-0.37,9.74,0.01,-0.01,0.0,,,,,
hhs,2024-04-10 12:21:33.809572,747,8629.0,8643,8631,8636.0,8629.0,0.3,-0.37,9.74,0.01,-0.01,0.0,,,,,
hhs,2024-04-10 12:21:34.324608,748,8649.0,8649,8638,8647.0,8627.0,0.3,-0.35,9.76,0.01,-0.01,0.0,,,,,
hhs,2024-04-10 12:21:34.841356,749,8639.0,8650,8641,8639.0,8636.0,0.3,-0.37,9.75,0.01,-0.01,0.0,,,,,
hhs,2024-04-10 12:21:35.361456,750,8652.0,8652,8641,8641.0,8634.0,0.29,-0.36,9.76,0.01,-0.01,0.0,,,,,
hhs,2024-04-10 12:21:35.878135,751,8657.0,8651,8638,8636.0,8641.0,0.3,-0.35,9.75,0.01,-0.01,0.0,,,,,
hhs,2024-04-10 12:21:36.393297,752,8640.0,8651,8642,8641.0,8639.0,0.3,-0.34,9.76,0.01,-0.01,0.0,,,,,
hhs,2024-04-10 12:21:36.913897,753,8652.0,8645,8640,8641.0,8637.0,0.29,-0.36,9.75,0.01,-0.01,0.01,,,,,
hhs,2024-04-10 12:21:37.435505,754,8642.0,8647,8638,8631.0,8626.0,0.31,-0.36,9.77,0.01,-0.01,0.0,,,,,
hhs,2024-04-10 12:21:37.955817,755,8648.0,8638,8638,8630.0,8628.0,0.31,-0.34,9.77,0.01,-0.01,0.0,,,,,
hhs,2024-04-10 12:21:38.475741,756,8649.0,8642,8630,8629.0,8627.0,0.29,-0.36,9.76,0.01,-0.01,0.0,,,,,
hhs,2024-04-10 12:21:38.996796,757,8635.0,8599,8630,8634.0,8634.0,0.29,-0.36,9.75,0.01,-0.01,0.01,,,,,
hhs,2024-04-10 12:21:39.516812,758,8650.0,8651,8643,8642.0,8640.0,0.29,-0.35,9.76,0.01,-0.01,0.01,,,,,
hhs,2024-04-10 12:21:40.033280,759,8656.0,8645,8645,8644.0,8640.0,0.3,-0.37,9.75,0.01,-0.01,0.0,,,,,
hhs,2024-04-10 12:21:40.555083,760,8642.0,8650,8643,8641.0,8637.0,0.29,-0.36,9.75,0.01,-0.01,0.0,,,,,
hhs,2024-04-10 12:21:41.076781,761,8652.0,8644,8633,8635.0,8636.0,0.31,-0.36,9.77,0.01,-0.01,0.0,,,,,
hhs,2024-04-10 12:21:41.597294,762,8649.0,8638,8643,8636.0,8638.0,0.29,-0.34,9.75,0.01,-0.01,0.0,,,,,
hhs,2024-04-10 12:21:42.117800,763,8656.0,8646,8633,8638.0,8633.0,0.29,-0.36,9.77,0.01,-0.01,0.0,,,,,
hhs,2024-04-10 12:21:42.637988,764,8650.0,8646,8642,8640.0,8633.0,0.29,-0.36,9.75,0.01,-0.01,0.0,,,,,
hhs,2024-04-10 12:21:43.155582,765,8658.0,8644,8643,8638.0,8634.0,0.29,-0.39,9.7,0.0,-0.01,0.0,,,,,
hhs,2024-04-10 12:21:43.670780,766,8650.0,8648,8639,8645.0,8634.0,0.3,-0.35,9.76,0.01,-0.01,0.0,,,,,
hhs,2024-04-10 12:21:44.190774,767,8644.0,8645,8644,8639.0,8633.0,0.3,-0.37,9.75,0.01,-0.01,0.01,,,,,
hhs,2024-04-10 12:21:44.711180,768,8647.0,8646,8642,8640.0,8638.0,0.29,-0.36,9.76,0.01,-0.01,0.0,,,,,
hhs,2024-04-10 12:21:45.228002,769,8647.0,8642,8624,8631.0,8627.0,0.3,-0.34,9.77,0.01,-0.01,0.0,,,,,
hhs,2024-04-10 12:21:45.747517,770,8646.0,8649,8642,8639.0,8639.0,0.29,-0.36,9.77,0.01,-0.01,0.0,,,,,
hhs,2024-04-10 12:21:46.264240,771,8652.0,8649,8643,8641.0,8637.0,0.3,-0.35,9.76,0.01,-0.01,0.0,,,,,
hhs,2024-04-10 12:21:46.785422,772,8653.0,8644,8640,8639.0,8637.0,0.29,-0.36,9.76,0.01,-0.01,0.01,,,,,
hhs,2024-04-10 12:21:47.305759,773,8647.0,8646,8642,8642.0,8638.0,0.29,-0.36,9.75,0.01,-0.01,0.0,,,,,
hhs,2024-04-10 12:21:47.827233,774,8646.0,8638,8641,8638.0,8644.0,0.31,-0.35,9.77,0.01,-0.01,0.01,,,,,
hhs,2024-04-10 12:21:48.342726,775,8640.0,8651,8637,8646.0,8639.0,0.31,-0.35,9.74,0.01,-0.0,0.0,,,,,
hhs,2024-04-10 12:21:48.857867,776,8649.0,8639,8634,8637.0,8631.0,0.3,-0.36,9.77,0.01,-0.01,0.0,,,,,
hhs,2024-04-10 12:21:49.373040,777,8621.0,8642,8632,8630.0,8629.0,0.3,-0.36,9.77,0.01,-0.01,0.0,,,,,
hhs,2024-04-10 12:21:49.893565,778,8648.0,8641,8636,8632.0,8635.0,0.29,-0.37,9.76,0.01,-0.01,0.0,,,,,
hhs,2024-04-10 12:21:50.409986,779,8645.0,8639,8628,8632.0,8634.0,0.3,-0.37,9.78,0.01,-0.01,0.0,,,,,
hhs,2024-04-10 12:21:50.930539,780,8642.0,8641,8633,8625.0,8633.0,0.33,-0.33,9.75,0.01,-0.01,0.0,,,,,
hhs,2024-04-10 12:21:51.453731,781,8659.0,8651,8642,8642.0,8643.0,0.28,-0.38,9.74,0.01,-0.01,0.0,,,,,
hhs,2024-04-10 12:21:51.975744,782,8649.0,8645,8640,8637.0,8646.0,0.3,-0.34,9.75,0.01,-0.01,0.01,,,,,
hhs,2024-04-10 12:21:52.496217,783,8650.0,8643,8634,8644.0,8640.0,0.29,-0.35,9.76,0.01,-0.01,0.0,,,,,
hhs,2024-04-10 12:21:53.012633,784,8646.0,8646,8636,8640.0,8639.0,0.3,-0.36,9.76,0.01,-0.01,0.0,,,,,
hhs,2024-04-10 12:21:53.532613,785,8666.0,8647,8640,8639.0,8635.0,0.29,-0.35,9.76,0.01,-0.01,0.0,,,,,
hhs,2024-04-10 12:21:54.049035,786,8608.0,8653,8603,8634.0,8633.0,0.3,-0.33,9.74,0.01,-0.01,0.0,,,,,
hhs,2024-04-10 12:21:54.565301,787,8657.0,8646,8639,8635.0,8638.0,0.3,-0.34,9.76,0.01,-0.01,0.0,,,,,
hhs,2024-04-10 12:21:55.085825,788,8655.0,8641,8644,8635.0,8634.0,0.32,-0.35,9.75,0.01,-0.01,0.0,,,,,
hhs,2024-04-10 12:21:55.607140,789,8638.0,8639,8636,8642.0,8637.0,0.27,-0.36,9.77,0.01,-0.01,0.01,,,,,
hhs,2024-04-10 12:21:56.127622,790,8655.0,8655,8639,8639.0,8634.0,0.29,-0.35,9.76,0.01,-0.01,0.0,,,,,
hhs,2024-04-10 12:21:56.650840,791,8644.0,8645,8641,8646.0,8643.0,0.28,-0.36,9.73,0.01,-0.01,0.0,,,,,
hhs,2024-04-10 12:21:57.166692,792,8643.0,8639,8628,8636.0,8631.0,0.29,-0.34,9.77,0.0,-0.01,0.0,,,,,
hhs,2024-04-10 12:21:57.686932,793,8649.0,8642,8631,8632.0,8633.0,0.31,-0.34,9.74,0.01,-0.01,0.0,,,,,
hhs,2024-04-10 12:21:58.208436,794,8649.0,8639,8630,8630.0,8628.0,0.32,-0.35,9.76,0.01,-0.01,0.0,,,,,
hhs,2024-04-10 12:21:58.728524,795,8656.0,8637,8634,8632.0,8626.0,0.29,-0.36,9.77,0.01,-0.01,0.0,,,,,
hhs,2024-04-10 12:21:59.249554,796,8643.0,8644,8642,8644.0,8638.0,0.28,-0.37,9.77,0.01,-0.01,0.01,,,,,
hhs,2024-04-10 12:21:59.764059,797,8640.0,8648,8638,8637.0,8636.0,0.3,-0.35,9.76,0.01,-0.01,0.0,,,,,
hhs,2024-04-10 12:22:00.283955,798,8651.0,8650,8645,8637.0,8635.0,0.32,-0.34,9.75,0.01,-0.01,0.0,,,,,
hhs,2024-04-10 12:22:00.800860,799,8652.0,8645,8641,8645.0,8634.0,0.3,-0.35,9.76,0.01,-0.01,0.0,,,,,
hhs,2024-04-10 12:22:01.321347,800,8654.0,8653,8647,8638.0,8628.0,0.28,-0.35,9.76,0.01,-0.01,0.0,,,,,
hhs,2024-04-10 12:22:01.843723,801,8658.0,8648,8638,8637.0,8638.0,0.29,-0.34,9.79,0.01,-0.01,0.01,,,,,
hhs,2024-04-10 12:22:02.358738,802,8636.0,8648,8633,8641.0,8642.0,0.3,-0.35,9.75,0.01,-0.01,0.0,,,,,
hhs,2024-04-10 12:22:02.878696,803,8653.0,8651,8643,8645.0,8634.0,0.28,-0.36,9.76,0.01,-0.01,0.0,,,,,
hhs,2024-04-10 12:22:03.400638,804,8643.0,8640,8636,8640.0,8643.0,0.29,-0.37,9.77,0.01,-0.01,0.0,,,,,
hhs,2024-04-10 12:22:03.915882,805,8652.0,8645,8646,8642.0,8637.0,0.29,-0.34,9.8,0.01,-0.01,0.0,,,,,
hhs,2024-04-10 12:22:04.435616,806,8655.0,8650,8643,8641.0,8638.0,0.31,-0.33,9.76,0.01,-0.01,0.0,,,,,
hhs,2024-04-10 12:22:04.955857,807,8628.0,8643,8635,8631.0,8631.0,0.32,-0.33,9.82,0.01,-0.01,0.0,,,,,
hhs,2024-04-10 12:22:05.475865,808,8640.0,8641,8630,8637.0,8630.0,0.28,-0.39,9.76,0.01,-0.01,0.0,,,,,
hhs,2024-04-10 12:22:05.997607,809,8645.0,8640,8629,8628.0,8620.0,0.32,-0.33,9.78,0.01,-0.01,0.0,,,,,
hhs,2024-04-10 12:22:06.517534,810,8644.0,8634,8634,8629.0,8637.0,0.28,-0.34,9.71,0.01,-0.01,0.0,,,,,
hhs,2024-04-10 12:22:07.040948,811,8654.0,8639,8639,8634.0,8645.0,0.28,-0.36,9.81,0.01,-0.01,0.01,,,,,
hhs,2024-04-10 12:22:07.560792,812,8635.0,8643,8645,8638.0,8638.0,0.29,-0.36,9.74,0.01,-0.01,0.0,,,,,
hhs,2024-04-10 12:22:08.080634,813,8645.0,8652,8639,8641.0,8638.0,0.29,-0.36,9.76,0.01,-0.01,0.0,,,,,
hhs,2024-04-10 12:22:08.601875,814,8650.0,8646,8644,8639.0,8631.0,0.26,-0.38,9.76,0.01,-0.01,0.0,,,,,
hhs,2024-04-10 12:22:09.124857,815,8602.0,8648,8645,8596.0,8639.0,0.28,-0.39,9.87,0.01,-0.01,0.0,,,,,
hhs,2024-04-10 12:22:09.639593,816,8651.0,8644,8636,8637.0,8635.0,0.3,-0.34,9.76,0.01,-0.01,0.0,,,,,
hhs,2024-04-10 12:22:10.154601,817,8639.0,8646,8643,8643.0,8639.0,0.3,-0.35,9.75,0.01,-0.01,0.0,,,,,
hhs,2024-04-10 12:22:10.675126,818,8649.0,8640,8638,8638.0,8630.0,0.31,-0.34,9.77,0.01,-0.01,0.0,,,,,
hhs,2024-04-10 12:22:11.196561,819,8645.0,8648,8640,8638.0,8632.0,0.31,-0.32,9.76,0.01,-0.01,0.0,,,,,
hhs,2024-04-10 12:22:11.716622,820,8647.0,8643,8645,8640.0,8640.0,0.31,-0.35,9.76,0.01,-0.01,0.0,,,,,
hhs,2024-04-10 12:22:12.240946,821,8648.0,8643,8643,8641.0,8644.0,0.3,-0.35,9.76,0.01,-0.01,0.01,,,,,
hhs,2024-04-10 12:22:12.760781,822,8648.0,8647,8644,8642.0,8634.0,0.32,-0.33,9.76,0.01,-0.01,0.01,,,,,
hhs,2024-04-10 12:22:13.281839,823,8637.0,8611,8608,8628.0,8626.0,0.26,-0.39,9.74,0.01,-0.01,0.0,,,,,
hhs,2024-04-10 12:22:13.801890,824,8639.0,8641,8631,8633.0,8630.0,0.29,-0.37,9.79,0.01,-0.01,0.0,,,,,
hhs,2024-04-10 12:22:14.317522,825,8646.0,8632,8631,8630.0,8627.0,0.3,-0.36,9.76,0.01,-0.01,0.0,,,,,
hhs,2024-04-10 12:22:14.837946,826,8631.0,8637,8625,8629.0,8628.0,0.28,-0.34,9.71,0.01,-0.01,0.0,,,,,
hhs,2024-04-10 12:22:15.358100,827,8634.0,8646,8639,8638.0,8635.0,0.31,-0.36,9.76,0.01,-0.01,0.0,,,,,
hhs,2024-04-10 12:22:15.876251,828,8643.0,8646,8643,8649.0,8634.0,0.3,-0.33,9.79,0.01,-0.01,0.0,,,,,
hhs,2024-04-10 12:22:16.392326,829,8652.0,8645,8640,8639.0,8641.0,0.3,-0.35,9.74,0.01,-0.0,0.0,,,,,
hhs,2024-04-10 12:22:16.912924,830,8635.0,8631,8632,8633.0,8632.0,0.29,-0.36,9.76,0.01,-0.01,0.0,,,,,
hhs,2024-04-10 12:22:17.430615,831,8646.0,8638,8642,8640.0,8643.0,0.3,-0.36,9.74,0.01,-0.01,0.0,,,,,
hhs,2024-04-10 12:22:17.952248,832,8650.0,8643,8640,8647.0,8634.0,0.32,-0.35,9.73,0.01,-0.01,0.0,,,,,
hhs,2024-04-10 12:22:18.472315,833,8646.0,8642,8642,8639.0,8638.0,0.32,-0.35,9.76,0.01,-0.01,0.0,,,,,
hhs,2024-04-10 12:22:18.989085,834,8649.0,8646,8641,8633.0,8634.0,0.31,-0.35,9.8,0.01,-0.01,0.0,,,,,
hhs,2024-04-10 12:22:19.504301,835,8653.0,8640,8633,8636.0,8636.0,0.3,-0.37,9.77,0.01,-0.01,0.0,,,,,
hhs,2024-04-10 12:22:20.024300,836,8641.0,8649,8644,8637.0,8631.0,0.29,-0.36,9.76,0.01,-0.01,0.01,,,,,
hhs,2024-04-10 12:22:20.544956,837,8643.0,8644,8641,8636.0,8631.0,0.28,-0.37,9.73,0.01,-0.01,0.0,,,,,
hhs,2024-04-10 12:22:21.059989,838,8640.0,8646,8635,8632.0,8630.0,0.3,-0.36,9.78,0.01,-0.01,0.0,,,,,
hhs,2024-04-10 12:22:21.581239,839,8645.0,8634,8637,8637.0,8627.0,0.28,-0.34,9.78,0.01,-0.01,0.01,,,,,
hhs,2024-04-10 12:22:22.101170,840,8653.0,8638,8634,8632.0,8632.0,0.29,-0.39,9.74,0.01,-0.01,0.0,,,,,
hhs,2024-04-10 12:22:22.622940,841,8644.0,8639,8634,8638.0,8627.0,0.3,-0.36,9.84,0.01,-0.01,0.01,,,,,
hhs,2024-04-10 12:22:23.138395,842,8646.0,8644,8644,8636.0,8635.0,0.3,-0.35,9.75,0.01,-0.01,0.0,,,,,
hhs,2024-04-10 12:22:23.658519,843,8650.0,8647,8633,8640.0,8640.0,0.29,-0.35,9.75,0.01,-0.01,0.0,,,,,
hhs,2024-04-10 12:22:24.184168,844,8656.0,8645,8643,8644.0,8622.0,0.29,-0.37,9.76,0.01,-0.01,0.0,,,,,
hhs,2024-04-10 12:22:24.699600,845,8647.0,8643,8641,8638.0,8637.0,0.3,-0.32,9.77,0.01,-0.01,0.0,,,,,
hhs,2024-04-10 12:22:25.214781,846,8660.0,8646,8633,8644.0,8641.0,0.32,-0.4,9.99,0.01,-0.01,0.0,,,,,
hhs,2024-04-10 12:22:25.730180,847,8636.0,8647,8644,8638.0,8641.0,0.3,-0.36,9.72,0.01,-0.01,0.0,,,,,
hhs,2024-04-10 12:22:26.247563,848,8647.0,8649,8642,8638.0,8638.0,0.3,-0.35,9.76,0.01,-0.01,0.0,,,,,
hhs,2024-04-10 12:22:26.766953,849,8640.0,8652,8638,8645.0,8635.0,0.29,-0.35,9.76,0.01,-0.01,0.01,,,,,
hhs,2024-04-10 12:22:27.287641,850,8654.0,8653,8640,8641.0,8632.0,0.31,-0.34,9.77,0.01,-0.01,0.0,,,,,
hhs,2024-04-10 12:22:27.804257,851,8657.0,8648,8647,8649.0,8630.0,0.3,-0.35,9.77,0.01,-0.01,0.0,,,,,
hhs,2024-04-10 12:22:28.325388,852,8635.0,8654,8642,8644.0,8631.0,0.31,-0.36,9.76,0.01,-0.01,0.0,,,,,
hhs,2024-04-10 12:22:28.839754,853,8644.0,8649,8645,8643.0,8643.0,0.3,-0.34,9.76,0.01,-0.01,0.0,,,,,
hhs,2024-04-10 12:22:29.361265,854,8639.0,8640,8634,8633.0,8626.0,0.3,-0.37,9.75,0.01,-0.01,0.01,,,,,
hhs,2024-04-10 12:22:29.881496,855,8650.0,8644,8632,8632.0,8626.0,0.31,-0.34,9.75,0.01,-0.01,0.0,,,,,
hhs,2024-04-10 12:22:30.397114,856,8639.0,8640,8629,8632.0,8627.0,0.3,-0.36,9.74,0.01,-0.01,0.0,,,,,
hhs,2024-04-10 12:22:30.912066,857,8637.0,8635,8635,8638.0,8628.0,0.3,-0.35,9.76,0.01,-0.01,0.0,,,,,
hhs,2024-04-10 12:22:31.432623,858,8657.0,8640,8639,8644.0,8635.0,0.28,-0.35,9.76,0.01,-0.01,0.0,,,,,
hhs,2024-04-10 12:22:31.952933,859,8641.0,8652,8641,8640.0,8636.0,0.28,-0.39,9.75,0.01,-0.01,0.0,,,,,
hhs,2024-04-10 12:22:32.467680,860,8647.0,8643,8644,8642.0,8635.0,0.3,-0.34,9.75,0.01,-0.01,0.0,,,,,
hhs,2024-04-10 12:22:32.989680,861,8654.0,8651,8635,8640.0,8641.0,0.29,-0.36,9.75,0.01,-0.01,0.0,,,,,
hhs,2024-04-10 12:22:33.510390,862,8637.0,8638,8632,8638.0,8634.0,0.29,-0.36,9.73,0.01,-0.01,0.0,,,,,
hhs,2024-04-10 12:22:34.030503,863,8647.0,8647,8642,8640.0,8641.0,0.29,-0.36,9.76,0.01,-0.01,0.0,,,,,
hhs,2024-04-10 12:22:34.552525,864,8658.0,8646,8638,8643.0,8637.0,0.27,-0.41,9.59,0.01,-0.01,0.0,,,,,
hhs,2024-04-10 12:22:35.072192,865,8650.0,8652,8646,8639.0,8630.0,0.31,-0.34,9.77,0.01,-0.01,0.0,,,,,
hhs,2024-04-10 12:22:35.587441,866,8652.0,8652,8638,8642.0,8640.0,0.3,-0.36,9.75,0.01,-0.01,0.0,,,,,
hhs,2024-04-10 12:22:36.107256,867,8641.0,8648,8650,8642.0,8645.0,0.29,-0.36,9.75,0.01,-0.01,0.0,,,,,
hhs,2024-04-10 12:22:36.622604,868,8651.0,8647,8638,8642.0,8647.0,0.3,-0.34,9.77,0.01,-0.01,0.0,,,,,
hhs,2024-04-10 12:22:37.143700,869,8637.0,8643,8630,8632.0,8629.0,0.32,-0.36,9.74,0.01,-0.01,0.0,,,,,
hhs,2024-04-10 12:22:37.659133,870,8647.0,8636,8634,8626.0,8631.0,0.3,-0.35,9.76,0.01,-0.01,0.0,,,,,
hhs,2024-04-10 12:22:38.180514,871,8643.0,8636,8630,8633.0,8629.0,0.32,-0.33,9.73,0.01,-0.01,0.0,,,,,
hhs,2024-04-10 12:22:38.700806,872,8630.0,8634,8635,8626.0,8633.0,0.31,-0.36,9.76,0.01,-0.01,0.0,,,,,
hhs,2024-04-10 12:22:39.216002,873,8642.0,8649,8634,8638.0,8636.0,0.3,-0.36,9.77,0.01,-0.01,0.0,,,,,
hhs,2024-04-10 12:22:39.737544,874,8633.0,8637,8642,8644.0,8642.0,0.31,-0.36,9.75,0.01,-0.01,0.0,,,,,
hhs,2024-04-10 12:22:40.257782,875,8649.0,8650,8633,8633.0,8626.0,0.3,-0.36,9.76,0.01,-0.01,0.01,,,,,
hhs,2024-04-10 12:22:40.772180,876,8651.0,8641,8639,8646.0,8634.0,0.3,-0.33,9.77,0.01,-0.01,0.0,,,,,
hhs,2024-04-10 12:22:41.292249,877,8639.0,8645,8640,8636.0,8635.0,0.33,-0.34,9.76,0.01,-0.01,0.01,,,,,
hhs,2024-04-10 12:22:41.813060,878,8649.0,8644,8635,8643.0,8635.0,0.29,-0.38,9.75,0.01,-0.01,0.0,,,,,
hhs,2024-04-10 12:22:42.332555,879,8662.0,8640,8637,8637.0,8629.0,0.3,-0.35,9.74,0.01,-0.01,0.01,,,,,
hhs,2024-04-10 12:22:42.848109,880,8651.0,8650,8644,8641.0,8632.0,0.31,-0.34,9.76,0.0,-0.0,0.0,,,,,
hhs,2024-04-10 12:22:43.370118,881,8642.0,8650,8635,8638.0,8639.0,0.3,-0.34,9.77,0.01,-0.01,0.01,,,,,
hhs,2024-04-10 12:22:43.890708,882,8641.0,8648,8644,8634.0,8631.0,0.28,-0.37,9.77,0.01,-0.01,0.0,,,,,
hhs,2024-04-10 12:22:44.406341,883,8655.0,8643,8644,8636.0,8638.0,0.3,-0.36,9.77,0.01,-0.01,0.0,,,,,
hhs,2024-04-10 12:22:44.922725,884,8647.0,8646,8636,8641.0,8640.0,0.3,-0.35,9.75,0.01,-0.01,0.0,,,,,
hhs,2024-04-10 12:22:45.443269,885,8640.0,8638,8631,8631.0,8626.0,0.29,-0.35,9.76,0.01,-0.01,0.0,,,,,
hhs,2024-04-10 12:22:45.964112,886,8639.0,8638,8638,8628.0,8632.0,0.28,-0.37,9.75,0.01,-0.01,0.01,,,,,
hhs,2024-04-10 12:22:46.479668,887,8640.0,8644,8631,8626.0,8622.0,0.3,-0.35,9.77,0.01,-0.01,0.0,,,,,
hhs,2024-04-10 12:22:46.999535,888,8646.0,8638,8628,8630.0,8639.0,0.29,-0.35,9.76,0.01,-0.01,0.0,,,,,
hhs,2024-04-10 12:22:47.514873,889,8651.0,8645,8642,8638.0,8628.0,0.3,-0.33,9.77,0.01,-0.01,0.0,,,,,
hhs,2024-04-10 12:22:48.029641,890,8640.0,8646,8639,8641.0,8636.0,0.3,-0.34,9.77,0.01,-0.01,0.0,,,,,
hhs,2024-04-10 12:22:48.551468,891,8645.0,8651,8642,8647.0,8641.0,0.31,-0.35,9.74,0.01,-0.01,0.01,,,,,
hhs,2024-04-10 12:22:49.073349,892,8643.0,8652,8638,8643.0,8642.0,0.31,-0.33,9.79,0.01,-0.01,0.0,,,,,
hhs,2024-04-10 12:22:49.593487,893,8633.0,8643,8639,8638.0,8637.0,0.3,-0.36,9.77,0.01,-0.01,0.01,,,,,
hhs,2024-04-10 12:22:50.108426,894,8645.0,8646,8640,8642.0,8628.0,0.3,-0.34,9.77,0.01,-0.01,0.0,,,,,
hhs,2024-04-10 12:22:50.628663,895,8649.0,8650,8637,8641.0,8634.0,0.29,-0.35,9.81,0.01,-0.01,0.01,,,,,
hhs,2024-04-10 12:22:51.145637,896,8649.0,8652,8635,8645.0,8635.0,0.3,-0.35,9.76,0.01,-0.01,0.0,,,,,
hhs,2024-04-10 12:22:51.666485,897,8641.0,8642,8640,8636.0,8640.0,0.29,-0.36,9.77,0.01,-0.01,0.0,,,,,
hhs,2024-04-10 12:22:52.186823,898,8657.0,8643,8637,8643.0,8634.0,0.29,-0.35,9.74,0.01,-0.01,0.01,,,,,
hhs,2024-04-10 12:22:52.706740,899,8649.0,8650,8645,8636.0,8632.0,0.28,-0.35,9.75,0.01,-0.01,0.0,,,,,
hhs,2024-04-10 12:22:53.226607,900,8650.0,8638,8631,8635.0,8624.0,0.33,-0.35,9.77,0.01,-0.01,0.0,,,,,
hhs,2024-04-10 12:22:53.743700,901,8647.0,8639,8636,8632.0,8634.0,0.3,-0.34,9.75,0.01,-0.01,0.0,,,,,
hhs,2024-04-10 12:22:54.265764,902,8638.0,8640,8630,8631.0,8627.0,0.29,-0.33,9.76,0.01,-0.01,0.0,,,,,
hhs,2024-04-10 12:22:54.785977,903,8632.0,8636,8631,8629.0,8630.0,0.29,-0.35,9.77,0.01,-0.01,0.01,,,,,
hhs,2024-04-10 12:22:55.301046,904,8645.0,8644,8640,8643.0,8631.0,0.3,-0.34,9.76,0.01,-0.01,0.0,,,,,
hhs,2024-04-10 12:22:55.821464,905,8655.0,8641,8641,8644.0,8634.0,0.31,-0.33,9.76,0.01,-0.01,0.0,,,,,